SCHOOL_CODE,SCHOOL_YEAR,AFRICAN_AMERICAN,WHITE,ASIAN,LATINO,OTHER,PACIFIC_ISLANDER,AMERICAN_INDIAN,SCH_LOW_INCOME_FAMILY
"1010","2008-2009",92.7,2.1,3.8,0.9,0.5,0,0,"84.2"
"1010","2009-2010",92.7,1.5,4.3,1,0.5,0,0,"83.5"
"1010","2010-2011",92,1.7,4.6,1.1,0.6,0,0,"83.5"
"1010","2011-2012",90.4,1.6,5.2,1.8,0.9,0,0,"84.7"
"1010","2012-2013",91.9,1.6,3.6,2,0.8,0,0.1,"89.1"
"1020","2008-2009",98.3,0.3,0.3,0.6,0.4,0,0,"84"
"1020","2009-2010",97.4,0.5,0.7,0.8,0.7,0,0,"84.7"
"1020","2010-2011",97.9,0.7,0.4,0.6,0.4,0,0,"85.1"
"1020","2011-2012",97.4,0.6,0.6,0.9,0.4,0,0,"89.9"
"1020","2012-2013",96.5,0.7,1.1,1,0.7,0,0,"90.0"
"1030","2008-2009",95.1,1.5,0.8,2.1,0.5,0,0,"82.8"
"1030","2009-2010",92.4,4.1,0.6,2.3,0.6,0,0,"83.7"
"1030","2010-2011",92.8,4,0.3,2.8,0.3,0,0,"83.7"
"1030","2011-2012",86.5,4.8,1.5,6,1.3,0,0,"85.5"
"1030","2012-2013",84.8,3.4,2.5,8.3,1,0,0,"89.4"
"1050","2008-2009",97.6,0,0.3,1.4,0.7,0,0,"74.1"
"1050","2009-2010",97.4,0,0,2.2,0.3,0,0,"72.9"
"1050","2010-2011",97.1,0.4,0,2.1,0.4,0,0,"73.5"
"1050","2011-2012",96,0.4,0,1.5,2.2,0,0,"83.4"
"1050","2012-2013",94,0.4,0,3.4,2.2,0,0,"85.3"
"1060","2008-2009",91.8,3.4,1.6,2.6,0.6,0,0,"75.2"
"1060","2009-2010",93.5,2.6,2,1.5,0.4,0,0,"76"
"1060","2010-2011",95.2,1.9,1.7,1.2,0,0,0,"84"
"1060","2011-2012",95.4,1.1,2,1.4,0,0,0,"85"
"1060","2012-2013",94.9,1.4,2.4,1.4,0,0,0,"88.6"
"1080","2008-2009",96.6,0.5,1.1,1.4,0.4,0,0,"84.3"
"1080","2009-2010",96.7,0.6,0.9,1.2,0.6,0,0,"89"
"1080","2010-2011",94.2,0.5,1.3,3,1.1,0,0,"89"
"1080","2011-2012",91.4,0.8,2.3,3.5,2,0,0,"89.7"
"1080","2012-2013",93.4,0.6,1.5,3.3,1,0,0.2,"89.4"
"1100","2008-2009",99.1,0.3,0,0.5,0.2,0,0,"85.1"
"1100","2009-2010",97.7,0.7,0,1.6,0,0,0,"85.2"
"1100","2010-2011",97.7,0.8,0,1.1,0.3,0,0,"85.4"
"1100","2011-2012",96.9,1.2,0,1.6,0.3,0,0,"89.3"
"1100","2012-2013",97.5,1.2,0,1.2,0.2,0,0,"89.8"
"1110","2008-2009",97.3,0.7,0,1.7,0.3,0,0,"85.6"
"1110","2009-2010",98.4,0.8,0.4,0.4,0,0,0,"89.4"
"1110","2010-2011",97.9,0.4,0.4,0.8,0.4,0,0,"93.8"
"1110","2011-2012",96.6,0.4,0.4,2.2,0.4,0,0,"93.7"
"1110","2012-2013",99,0,0.5,0.5,0,0,0,"94.0"
"1130","2008-2009",91.5,2,4.3,2,0.2,0,0,"85.4"
"1130","2009-2010",92.1,2.4,2.6,2.4,0.5,0,0,"90.1"
"1130","2010-2011",93.3,2.5,2.2,1.7,0.2,0,0,"89.7"
"1130","2011-2012",94.9,1.8,2.4,0.9,0,0,0,"90.6"
"1130","2012-2013",94.9,1.6,2.1,1.1,0.3,0,0,"94.5"
"1150","2008-2009",85.8,3,8.5,2,0.7,0,0,"83.8"
"1150","2009-2010",86,2.9,7.6,2.1,1.4,0,0,"84.2"
"1150","2010-2011",87.1,3.1,7.1,1.8,0.9,0,0,"88.8"
"1150","2011-2012",87.9,3.2,5.5,1.3,2.1,0,0,"89.6"
"1150","2012-2013",86.3,3.6,7,1.4,1.7,0,0,"93.7"
"1190","2008-2009",89.9,1.8,7.4,0.5,0.5,0,0,"59.6"
"1190","2009-2010",88.7,1.8,6.8,1.8,0.9,0,0,"60.4"
"1190","2010-2011",86.8,0.5,8.8,1.5,2.5,0,0,"74"
"1190","2011-2012",86.4,0.5,8.9,2.3,1.9,0,0,"75.1"
"1190","2012-2013",85.7,1.2,8.6,2,0.8,0,1.6,"83.6"
"1200","2008-2009",95.8,0.8,0.5,2.3,0.6,0,0,"89.5"
"1200","2009-2010",94.9,0.7,0.3,2.1,2.1,0,0,"90.6"
"1200","2010-2011",96.7,0.4,0.1,1,1.8,0,0,"93.9"
"1200","2011-2012",96.6,0.4,0.2,1,1.8,0,0,"94.3"
"1200","2012-2013",95.8,0.6,0.1,1,2.4,0,0.1,"90.8"
"1230","2008-2009",97.7,1,0,1,0.4,0,0,"86.2"
"1230","2009-2010",94.7,1.3,0.8,1.9,1.3,0,0,"90.2"
"1230","2010-2011",95.5,1.1,0.9,0.6,1.9,0,0,"90.7"
"1230","2011-2012",94.8,1.5,0.4,1.5,1.7,0,0,"90.6"
"1230","2012-2013",93.7,1.2,0.2,1.2,2.8,0,0.8,"93.7"
"1250","2008-2009",82.9,1.9,11.8,1.8,1.6,0,0,"84.9"
"1250","2009-2010",82.9,1.5,10.9,1.7,3,0,0,"88.8"
"1250","2010-2011",79.8,2,13.8,1.4,3,0,0,"89.5"
"1250","2011-2012",77.1,2.2,15,2.1,3.6,0,0,"89.6"
"1250","2012-2013",75.3,1.5,15.3,1.7,6,0,0.2,"89.2"
"1260","2008-2009",95.8,0.5,0,1.3,2.4,0,0,"89.2"
"1260","2009-2010",95.8,0.8,0.2,1,2.2,0,0,"94.5"
"1260","2010-2011",95.4,0.8,0,0.6,3.1,0,0,"94.1"
"1260","2011-2012",95.5,0.7,0,1,2.9,0,0,"94.7"
"1260","2012-2013",94.4,0.7,0,0.7,4.3,0,0,"94.8"
"1280","2008-2009",44,30.7,12.9,5.3,7,0,0,"47.9"
"1280","2009-2010",38.8,31.6,14,6.1,9.6,0,0,"47.7"
"1280","2010-2011",36.1,31.9,16.2,7.3,8.5,0,0,"47.3"
"1280","2011-2012",31.3,36,15.5,6.7,10.5,0,0,"47.7"
"1280","2012-2013",27.5,39.1,15.6,7.8,9,0,1.1,"43.4"
"1290","2008-2009",98.5,0.6,0,0.4,0.4,0,0,"85.2"
"1290","2009-2010",97.7,0.5,0.6,0.2,1.1,0,0,"89.1"
"1290","2010-2011",95.6,0.7,0.7,1,2,0,0,"88.6"
"1290","2011-2012",94.1,0.8,1.1,1.3,2.7,0,0,"89.6"
"1290","2012-2013",93.5,1.4,0.7,1.4,3,0,0,"85.0"
"1300","2008-2009",96.7,0.4,0,1.8,1.1,0,0,"87.3"
"1300","2009-2010",96.7,0.9,0,1.6,0.9,0,0,"93.8"
"1300","2010-2011",94.6,0.9,0,1.6,2.9,0,0,"93.5"
"1300","2011-2012",93.8,1.2,0,1.6,3.5,0,0,"93.4"
"1300","2012-2013",93.3,0.6,0,1.2,4.7,0,0.2,"94.3"
"1330","2008-2009",97.8,0.3,0,0.7,1.2,0,0,"86.3"
"1330","2009-2010",97.1,0.3,0.1,1.3,1.2,0,0,"89.8"
"1330","2010-2011",95.5,0.5,0,1.6,2.4,0,0,"89.5"
"1330","2011-2012",95.3,0.4,0.1,1.2,3,0,0,"93.4"
"1330","2012-2013",96.1,0,0,1.2,2.6,0,0.1,"88.8"
"1340","2008-2009",90.7,0.5,5.6,1.9,1.4,0,0,"85"
"1340","2009-2010",88.1,0.5,6.2,1.6,3.7,0,0,"89.3"
"1340","2010-2011",86.4,0.8,5.9,1.3,5.6,0,0,"89.8"
"1340","2011-2012",85.7,2,6.9,0.3,5.1,0,0,"90.7"
"1340","2012-2013",81,1.8,9.3,1.3,6.5,0,0.3,"90.4"
"1350","2008-2009",97.7,0.7,0.2,0.9,0.5,0,0,"85.3"
"1350","2009-2010",98.3,0.2,0.2,0.2,1.1,0,0,"89.4"
"1350","2010-2011",98.1,0.2,0,0.2,1.6,0,0,"90.2"
"1350","2011-2012",97.8,0,0,0.4,1.8,0,0,"93.8"
"1350","2012-2013",97.5,0.2,0,0,2.3,0,0,"95.0"
"1360","2008-2009",97.6,0.3,0,1.4,0.7,0,0,"89.3"
"1360","2009-2010",95.2,1,0,2.4,1.4,0,0,"94.2"
"1360","2010-2011",93.9,0.6,0,2.3,3.2,0,0,"93.8"
"1360","2011-2012",94.8,0.3,0,2.7,2.2,0,0,"94"
"1360","2012-2013",94.7,0.5,0.3,1.6,2.9,0,0,"93.9"
"1370","2008-2009",96.7,0.5,0.2,1.6,0.9,0,0,"89"
"1370","2009-2010",98.1,0.4,0,0.9,0.6,0,0,"93.9"
"1370","2010-2011",96.6,0.2,1.1,0.8,1.3,0,0,"93.4"
"1370","2011-2012",94.4,1.7,1,0.4,2.5,0,0,"90"
"1370","2012-2013",94.1,1.5,0.2,0.2,3.9,0,0.2,"94.9"
"1380","2008-2009",89.5,1.9,5.1,1.8,1.8,0,0,"84.9"
"1380","2009-2010",88.9,1.5,5.9,2.2,1.5,0,0,"88.9"
"1380","2010-2011",87.9,1.2,5.6,2.5,2.8,0,0,"89.3"
"1380","2011-2012",87.6,0.8,6.2,2.2,3.2,0,0,"88.9"
"1380","2012-2013",86.4,1.4,4.4,3.2,4.4,0,0.1,"94.0"
"1390","2008-2009",82.5,9,1.7,1.3,5.6,0,0,"57.8"
"1390","2009-2010",76.3,13.3,3.3,1.2,5.8,0,0,"58.2"
"1390","2010-2011",74.5,16.6,4.3,0.9,3.8,0,0,"60.2"
"1390","2011-2012",73.9,14.7,5,0.9,5.5,0,0,"61.4"
"1390","2012-2013",70.3,15.1,4.6,1.9,7.3,0,0.8,"61.5"
"1400","2008-2009",86.1,3.7,5.4,1.5,3.4,0,0,"85.4"
"1400","2009-2010",87.3,2.7,5.8,0.5,3.7,0,0,"84.8"
"1400","2010-2011",87.3,2.2,6.1,0.7,3.7,0,0,"84.5"
"1400","2011-2012",87.3,2.1,6.2,1.5,2.9,0,0,"84.3"
"1400","2012-2013",86.1,1.6,5.8,2.4,3.9,0,0.2,"89.4"
"1410","2008-2009",97.4,0.6,0,0.9,1.1,0,0,"88.3"
"1410","2009-2010",96.5,0.5,0,0.7,2.3,0,0,"94.2"
"1410","2010-2011",95.1,1.1,0,1.1,2.6,0,0,"89.8"
"1410","2011-2012",95.9,0.9,0,0.7,2.6,0,0,"90.2"
"1410","2012-2013",94.4,0.5,0,0.9,4.1,0,0.2,"94.8"
"1420","2008-2009",97,0.6,0.6,0.8,1.1,0,0,"85.5"
"1420","2009-2010",96.3,0.6,0.3,0.6,2.3,0,0,"90.1"
"1420","2010-2011",96.2,0.8,0,0.3,2.7,0,0,"89.3"
"1420","2011-2012",97.9,0,0.3,0.3,1.6,0,0,"89.3"
"1420","2012-2013",92.3,0.3,0.3,1,6.2,0,0,"89.4"
"1430","2008-2009",96.3,0.7,3,0,0,0,0,"85.7"
"1430","2009-2010",94.4,0.4,1.2,0.8,3.2,0,0,"89.1"
"1430","2010-2011",93.5,0,1.3,0.9,4.3,0,0,"85.7"
"1430","2011-2012",88.8,0,3.9,1.9,5.4,0,0,"88.8"
"1430","2012-2013",88,1.3,2.2,1.3,6.2,0,0.9,"89.6"
"1440","2008-2009",89.8,3.2,2,2.6,2.3,0,0,"74.7"
"1440","2009-2010",88.9,2.9,2.1,2.6,3.5,0,0,"75.1"
"1440","2010-2011",88.7,2.6,2,2.6,4.1,0,0,"76.2"
"1440","2011-2012",85,2.2,3.5,3,6.3,0,0,"83.4"
"1440","2012-2013",85.6,1.7,3.5,1.7,7.5,0,0,"82.9"
"1460","2008-2009",99.1,0.5,0,0,0.5,0,0,"84.8"
"1460","2009-2010",98.5,0.4,0,0.7,0.4,0,0,"85.6"
"1460","2010-2011",97.4,0,0,1.2,1.4,0,0,"85.5"
"1460","2011-2012",97,0.2,0,1.4,1.4,0,0,"89.5"
"1460","2012-2013",94.5,0.8,0,1.7,3,0,0,"84.9"
"1470","2008-2009",95.8,0.9,0.2,2.1,0.9,0,0,"91.4"
"1470","2009-2010",94.8,1.6,0.2,1.6,1.8,0,0,"95.3"
"1470","2010-2011",93.9,0.5,0,2,3.7,0,0,"95.2"
"1470","2011-2012",91.9,0,1.2,2.3,4.6,0,0,"95"
"1470","2012-2013",85.3,0.6,3.7,4.3,6.2,0,0,"94.4"
"1490","2008-2009",97.7,0.3,0.3,1.3,0.5,0,0,"86.4"
"1490","2009-2010",98.5,0,0.2,0.7,0.5,0,0,"93.8"
"1490","2010-2011",96.9,0.3,0,0.8,2,0,0,"90.7"
"1490","2011-2012",97.6,0.2,0,1.2,1,0,0,"90.6"
"1490","2012-2013",97,0.5,0,0.9,1.6,0,0,"90.5"
"1530","2008-2009",95.8,1,0.3,1.7,1,0,0,"87"
"1530","2009-2010",93.7,1,0.3,1.3,3.7,0,0,"89.8"
"1530","2010-2011",93.8,0.7,0.3,1,4.2,0,0,"89.3"
"1530","2011-2012",92.5,0.7,0.3,1,5.4,0,0,"93.6"
"1530","2012-2013",87.2,1.6,0.3,2.9,7.7,0,0.3,"94.0"
"1580","2008-2009",85,5,7.5,1.4,1.1,0,0,"61.6"
"1580","2009-2010",88.6,3.2,5,1.4,1.8,0,0,"73.1"
"1580","2010-2011",89.4,2,4.5,1.6,2.4,0,0,"61.8"
"1580","2011-2012",85.9,2.7,5.9,1.6,3.9,0,0,"82.9"
"1580","2012-2013",84.5,2.2,7.8,2.2,3.1,0,0.3,"84.0"
"2000","2008-2009",70.3,5.7,17.9,5.3,0.9,0,0,"84.9"
"2000","2009-2010",68.8,5.1,19.1,6.4,0.6,0,0,"84.5"
"2000","2010-2011",64.6,6.1,22.6,5.9,0.8,0,0,"83.5"
"2000","2011-2012",56.2,6.1,31.7,5.3,0.7,0,0,"84.4"
"2000","2012-2013",56.8,6.2,28.4,7.7,1,0,0,"85.1"
"2010","2008-2009",88.7,1.1,3.4,6.5,0.3,0,0,"85.4"
"2010","2009-2010",89,0.7,2.8,7.2,0.3,0,0,"85.2"
"2010","2010-2011",85.3,0.6,5.5,7.7,0.9,0,0,"88.8"
"2010","2011-2012",84.5,0.8,5,8.7,0.8,0,0,"90"
"2010","2012-2013",78.7,0.9,5.4,13.8,0.9,0,0.3,"90.3"
"2020","2008-2009",48.6,37.3,4.1,8.9,1.1,0,0,"48"
"2020","2009-2010",49.9,34.3,4.2,9.5,2.1,0,0,"48"
"2020","2010-2011",51.3,31.8,5,10,1.9,0,0,"49"
"2020","2011-2012",51.4,29.7,5,10.4,3.5,0,0,"51.9"
"2020","2012-2013",52.8,27.5,4.9,11.3,3.1,0,0.4,"59.5"
"2090","2008-2009",74.1,4.4,15.1,5.6,0.9,0,0,"83.2"
"2090","2009-2010",72.4,4.6,14.7,7.2,1.2,0,0,"83.6"
"2090","2010-2011",73.2,4.9,14,6.6,1.3,0,0,"84.1"
"2090","2011-2012",73.1,5.1,13.5,7.1,1.2,0,0,"85.4"
"2090","2012-2013",72,5.2,13.4,8.3,0.9,0,0.2,"85.1"
"2130","2008-2009",98.7,0,0,1.3,0,0,0,"86.9"
"2130","2009-2010",97,0,0,2.8,0.3,0,0,"93.5"
"2130","2010-2011",97.1,0.6,0,2.1,0.3,0,0,"94.2"
"2130","2011-2012",97.5,0,0,2.2,0.3,0,0,"94.8"
"2130","2012-2013",96.8,0.7,0,2.2,0.4,0,0,"94.1"
"2140","2008-2009",29.4,44.7,17.4,6.2,2.3,0,0,"43.3"
"2140","2009-2010",28.4,43.8,18.3,6.1,3.3,0,0,"44"
"2140","2010-2011",28.3,42.2,20.2,6.1,3.2,0,0,"44.7"
"2140","2011-2012",26.2,42.1,21.8,6.2,3.7,0,0,"46.1"
"2140","2012-2013",25.5,40.9,23.2,6,4.3,0,0.1,"46.5"
"2160","2008-2009",47,13.5,28.5,10,1.1,0,0,"82.8"
"2160","2009-2010",46.8,11.9,30.9,9.4,1,0,0,"76.2"
"2160","2010-2011",40.8,11.3,37.7,9,1.2,0,0,"75.4"
"2160","2011-2012",35.8,10.7,43.1,9.3,1,0,0,"74.6"
"2160","2012-2013",29.9,8.2,48.9,11.2,1.6,0,0.2,"75.5"
"2190","2008-2009",19.3,36.7,25.5,15.3,3.2,0,0,"82.7"
"2190","2009-2010",15.9,36.7,28.2,14.8,4.3,0,0,"75"
"2190","2010-2011",13.9,31.7,31.3,16.3,6.8,0,0,"83.1"
"2190","2011-2012",11.2,31.2,34.4,17.1,6.1,0,0,"83.5"
"2190","2012-2013",11.9,29.4,35,16.8,6.9,0,0,"76.4"
"2200","2008-2009",93.9,1.3,1.3,2.9,0.7,0,0,"89"
"2200","2009-2010",93.3,1.3,1.9,1.9,1.5,0,0,"94.4"
"2200","2010-2011",92,2,2.6,1.5,2,0,0,"94.1"
"2200","2011-2012",92,2.2,2.2,1.4,2.2,0,0,"93.9"
"2200","2012-2013",90.7,1.6,2.8,1.8,3,0,0.2,"94.8"
"2210","2008-2009",83.2,6.5,0.7,8.2,1.4,0,0,"75.7"
"2210","2009-2010",82.8,7.1,0.3,6.1,3.8,0,0,"76.2"
"2210","2010-2011",78.9,8.4,0.3,6.8,5.7,0,0,"82.9"
"2210","2011-2012",77.2,10.1,0.5,6.3,6,0,0,"84.7"
"2210","2012-2013",74.2,10.9,0.8,6.5,7.2,0.3,0.3,"83.4"
"2240","2008-2009",75.3,17.6,2,2.3,2.8,0,0,"86.6"
"2240","2009-2010",71.6,17.6,2.6,3.6,4.7,0,0,"90.5"
"2240","2010-2011",69.3,18.7,3.3,3.1,5.6,0,0,"90.5"
"2240","2011-2012",66.8,19.6,4.5,2.4,6.8,0,0,"90.7"
"2240","2012-2013",61.3,20,5.5,4,9,0,0.2,"94.5"
"2260","2008-2009",66.9,0,25,6.3,1.8,0,0,"86.4"
"2260","2009-2010",63.8,0,26.4,6.9,3,0,0,"89.8"
"2260","2010-2011",61.9,0,25.3,9.2,3.7,0,0,"89.6"
"2260","2011-2012",59.4,1,23.7,12.9,3,0,0,"90.1"
"2260","2012-2013",56.3,0.7,26.2,12.5,4.2,0,0.2,"90.4"
"2290","2008-2009",49.7,25.9,12,12,0.3,0,0,"72.8"
"2290","2009-2010",46.4,26.4,11.1,16,0.2,0,0,"62.2"
"2290","2010-2011",42.5,24.7,11.9,20.8,0.1,0,0,"73.3"
"2290","2011-2012",40.6,27.1,10.8,19.8,1.7,0,0,"76"
"2290","2012-2013",43.3,24.5,9.4,19.4,2.7,0,0.8,"84.0"
"2320","2008-2009",62.6,6,22.4,6,3.1,0,0,"84.7"
"2320","2009-2010",58.4,6.4,23.2,8.2,3.8,0,0,"88.7"
"2320","2010-2011",57,6.5,25.7,6.6,4.2,0,0,"85.4"
"2320","2011-2012",57.3,6.5,24.4,6.7,5.1,0,0,"89.2"
"2320","2012-2013",60.1,4.2,24.5,5.5,5.2,0,0.5,"90.6"
"2340","2008-2009",26.9,11.6,55.4,1.7,4.3,0,0,"59"
"2340","2009-2010",21.5,14.4,57.7,1.2,5.1,0,0,"48.7"
"2340","2010-2011",18.2,15.9,60.1,1.8,4.1,0,0,"48.3"
"2340","2011-2012",18.9,17.9,56.3,1.6,5.3,0,0,"49.6"
"2340","2012-2013",16.8,15.7,60.3,1.6,5.3,0,0.3,"49.4"
"2370","2008-2009",94.8,1.3,0.4,2,1.6,0,0,"87.5"
"2370","2009-2010",95.5,1.2,0.4,1.7,1.2,0,0,"93.8"
"2370","2010-2011",93.4,1.3,0.8,2.4,2,0,0,"90.1"
"2370","2011-2012",93,1.5,1.5,1.4,2.5,0,0,"90.5"
"2370","2012-2013",91.8,1.7,1.4,2.3,2.8,0,0,"93.9"
"2380","2008-2009",31.8,54.8,5.1,5.3,2.9,0,0,"49.4"
"2380","2009-2010",27.9,57.9,4.7,5.3,4.2,0,0,"49"
"2380","2010-2011",24.6,60.7,5.6,4.8,4.3,0,0,"48.6"
"2380","2011-2012",22.2,61.7,6.1,5.1,4.9,0,0,"49.1"
"2380","2012-2013",18.9,62.2,7.6,5.2,5.9,0,0.2,"47.7"
"2390","2008-2009",98.4,0,0,1.6,0,0,0,"87.2"
"2390","2009-2010",98,0.3,0,0.8,0.8,0,0,"93.7"
"2390","2010-2011",97.9,0.6,0,1.2,0.3,0,0,"90.2"
"2390","2011-2012",95.9,0.8,0,2.5,0.8,0,0,"93.5"
"2390","2012-2013",92.6,0.6,0,3.1,3.7,0,0,"88.7"
"2410","2008-2009",28.8,53.8,12.1,3.3,2,0,0,"44.8"
"2410","2009-2010",28.9,52.9,12.1,4.1,2,0,0,"45.8"
"2410","2010-2011",29,51.6,12.7,4.8,1.8,0,0,"47"
"2410","2011-2012",27.7,49.7,15.2,4.4,3,0,0,"47.2"
"2410","2012-2013",27.5,48.8,16.3,4.4,2.3,0,0.6,"49.0"
"2420","2008-2009",98.3,0.2,0,1.4,0,0,0,"96.6"
"2420","2009-2010",97.1,0.7,0,1.4,0.7,0,0,"96.4"
"2420","2010-2011",97.3,0,0,1.1,1.6,0,0,"95.6"
"2420","2011-2012",92.4,0.3,0,4.9,2.3,0,0,"95.8"
"2420","2012-2013",92.9,0.5,0,4.1,2.5,0,0,"97.1"
"2440","2008-2009",96.6,0.2,0.2,0.9,2.1,0,0,"88.5"
"2440","2009-2010",95.2,0,0,1.9,2.9,0,0,"93.9"
"2440","2010-2011",92.8,0.2,0.7,2.2,4.1,0,0,"90.6"
"2440","2011-2012",91.3,1.2,0.5,2.2,4.8,0,0,"93.6"
"2440","2012-2013",90.5,1.2,0.7,1.7,5.7,0,0,"94.3"
"2450","2008-2009",94.2,1.8,0,3.6,0.4,0,0,"84.4"
"2450","2009-2010",91,1.4,0,4.7,2.8,0,0,"84.6"
"2450","2010-2011",88.9,1.3,0.4,6.2,3.1,0,0,"90.1"
"2450","2011-2012",87.6,0.9,0.9,5.2,5.6,0,0,"89.2"
"2450","2012-2013",87.5,2.4,2,3.9,3.5,0,0.8,"94.8"
"2470","2008-2009",57.1,31.6,5.1,3.2,3.2,0,0,"50.1"
"2470","2009-2010",52.4,31,6.6,4.4,5.6,0,0,"51.5"
"2470","2010-2011",52.3,30.8,5.6,4.2,7.2,0,0,"57.2"
"2470","2011-2012",47.1,33.5,7.5,4.2,7.7,0,0,"57.7"
"2470","2012-2013",42.5,37.8,7.4,4,8.1,0,0.2,"51.0"
"2480","2008-2009",90.4,2.3,0,2.7,4.6,0,0,"84.4"
"2480","2009-2010",90.1,1,1,3.4,4.4,0,0,"88.7"
"2480","2010-2011",89.8,0.5,0.5,4.6,4.6,0,0,"84.1"
"2480","2011-2012",86.1,1,2.1,5.2,5.7,0,0,"89.2"
"2480","2012-2013",81.3,1.9,3.7,6.5,6.5,0,0,"88.7"
"2490","2008-2009",72.4,1.9,0,21.9,3.8,0,0,"88.9"
"2490","2009-2010",75.3,1.3,0,19.2,4.2,0,0,"94.5"
"2490","2010-2011",74.9,2.7,0.8,17.1,4.6,0,0,"90.5"
"2490","2011-2012",79.1,1.9,0.8,13.3,4.9,0,0,"90.9"
"2490","2012-2013",78.1,1.6,0.7,13.1,6.5,0,0,"89.6"
"2510","2008-2009",45.4,13.5,15.3,22.4,3.4,0,0,"75.6"
"2510","2009-2010",35.4,12.3,18.2,30.2,3.9,0,0,"75.7"
"2510","2010-2011",31,12.2,18.8,32.4,5.7,0,0,"76.4"
"2510","2011-2012",34.6,9.7,17.4,32.6,5.6,0,0,"83.9"
"2510","2012-2013",28.8,14,15.3,36,5.7,0,0.2,"84.1"
"2520","2008-2009",10.6,70.1,9.2,5.9,4.2,0,0,"58.2"
"2520","2009-2010",10.7,68.5,12.1,4.2,4.5,0,0,"58.4"
"2520","2010-2011",11.5,64.9,14,3.4,6.2,0,0,"72.7"
"2520","2011-2012",11.7,62,14.2,3.9,8.1,0,0,"62.1"
"2520","2012-2013",12.7,54.2,18.7,5.4,9,0,0,"61.8"
"2540","2008-2009",24.4,11.1,43.2,14.7,6.5,0,0,"84.7"
"2540","2009-2010",22.6,10.1,43.2,17.5,6.6,0,0,"83.4"
"2540","2010-2011",17.1,11.5,46.4,19.6,5.3,0,0,"89.4"
"2540","2011-2012",15.2,9.8,51.4,18.4,5.1,0,0,"89.4"
"2540","2012-2013",14.4,8.5,49.7,23.1,4.2,0,0,"88.6"
"2580","2008-2009",16.5,6.9,47.4,24.5,4.7,0,0,"74.8"
"2580","2009-2010",14.5,7.5,45,28.6,4.4,0,0,"73.8"
"2580","2010-2011",13.3,6.8,46.8,28.8,4.4,0,0,"74.6"
"2580","2011-2012",12.9,5.4,46.2,30.9,4.6,0,0,"74.9"
"2580","2012-2013",12.5,5.4,44.1,32.8,5,0,0.2,"73.7"
"2590","2008-2009",62.8,6.8,9.4,19.2,1.7,0,0,"83.2"
"2590","2009-2010",63.8,7,8.2,18.1,2.9,0,0,"84"
"2590","2010-2011",63.2,8.5,9.3,15.9,3.1,0,0,"85"
"2590","2011-2012",59.9,8.1,6.5,20.6,4.9,0,0,"85.3"
"2590","2012-2013",54.7,9.4,7.9,21.7,5.6,0,0.7,"85.5"
"2620","2008-2009",54.1,20.5,15.7,8.8,0.9,0,0,"59.5"
"2620","2009-2010",53.7,19.6,17.2,8.3,1.2,0,0,"61.1"
"2620","2010-2011",48.8,19.9,19.7,9.6,2,0,0,"72.9"
"2620","2011-2012",50.4,17,21.5,9.3,1.9,0,0,"73.4"
"2620","2012-2013",51.4,15.7,21.3,8.5,2.5,0,0.6,"73.5"
"2630","2008-2009",18.7,61.3,9.9,7.5,2.6,0,0,"75.6"
"2630","2009-2010",16.5,60.9,10.5,7.9,4.3,0,0,"75.4"
"2630","2010-2011",16.3,59.8,10.8,8.3,4.7,0,0,"83.5"
"2630","2011-2012",13,59.2,11.1,10,6.8,0,0,"82.7"
"2630","2012-2013",12.3,60.4,11.4,8.9,6.8,0,0.2,"84.5"
"2640","2008-2009",23.7,10.1,44.6,19.6,1.9,0,0,"76.3"
"2640","2009-2010",19.4,9.7,44.1,22.8,4,0,0,"76"
"2640","2010-2011",17.2,10.5,48.5,20,3.8,0,0,"76.3"
"2640","2011-2012",14.3,9.3,48.1,24.4,3.8,0,0,"83.2"
"2640","2012-2013",13.8,7.9,47,27.2,4,0,0.2,"83.0"
"2650","2008-2009",51.2,34.4,7,6.8,0.5,0,0,"47.7"
"2650","2009-2010",50,35.2,6.6,7.2,1,0,0,"48.5"
"2650","2010-2011",48.6,34.3,7.5,7.7,1.9,0,0,"49.1"
"2650","2011-2012",45.8,32.7,9.5,9.7,2.3,0,0,"49"
"2650","2012-2013",42,35.9,9.4,9,3.5,0,0.2,"57.1"
"2670","2008-2009",70.7,17.3,2.7,7.8,1.4,0,0,"73.3"
"2670","2009-2010",66.2,19.8,4.1,8,1.8,0,0,"61.3"
"2670","2010-2011",63.9,19.1,4.7,10.2,2.1,0,0,"73.2"
"2670","2011-2012",62.3,16.8,6,12.2,2.7,0,0,"72.6"
"2670","2012-2013",65.4,14.1,7.3,11,1,0,1,"74.3"
"2690","2008-2009",27.6,16.3,43.2,9.5,3.4,0,0,"83.5"
"2690","2009-2010",22.7,15.7,45.2,12.2,4.2,0,0,"82.7"
"2690","2010-2011",21.4,15,45.5,12.6,5.5,0,0,"84.1"
"2690","2011-2012",20.5,13.6,47.6,11.3,7,0,0,"85.1"
"2690","2012-2013",20.2,12.3,46.2,12.7,8.4,0,0.2,"85.3"
"2720","2008-2009",42.6,13.1,22.6,17.3,4.5,0,0,"84.6"
"2720","2009-2010",39.8,13.8,21.9,18,6.6,0,0,"84.5"
"2720","2010-2011",34.3,16,21.1,20.8,7.9,0,0,"89.6"
"2720","2011-2012",34.5,16,19.9,22.2,7.4,0,0,"90.1"
"2720","2012-2013",33.1,15.1,18.3,23.4,9.2,0,0.9,"88.5"
"2730","2008-2009",60.8,8.1,18.2,11.2,1.7,0,0,"84.1"
"2730","2009-2010",61.5,8.3,16.2,12.1,1.9,0,0,"84.6"
"2730","2010-2011",54,8.3,17.3,16.3,4.2,0,0,"84.1"
"2730","2011-2012",51.9,4.5,19.7,17.4,6.4,0,0,"84.9"
"2730","2012-2013",46.2,3.2,16.6,23.5,10.5,0,0,"89.2"
"4020","2008-2009",98.2,0.4,0.1,1.1,0.1,0,0,"75.2"
"4020","2009-2010",98,0.6,0.1,0.9,0.4,0,0,"82.8"
"4020","2010-2011",97.2,0.7,0.1,1.5,0.5,0,0,"83.6"
"4020","2011-2012",96.8,0.7,0.1,1.6,0.8,0,0,"84.7"
"4020","2012-2013",96.6,0.5,0.2,2.2,0.3,0,0.2,"85.1"
"4030","2008-2009",78.9,2.9,9.2,7,2,0,0,"51.2"
"4030","2009-2010",82.5,2.5,7.7,5.9,1.4,0,0,"57.4"
"4030","2010-2011",82.1,2.7,8.2,5.7,1.3,0,0,"59.1"
"4030","2011-2012",81.2,2.2,8.7,6.2,1.7,0,0,"60.2"
"4030","2012-2013",77.9,2.8,9.8,7.2,1.9,0,0.4,"62.3"
"4060","2008-2009",97.2,0,0.6,1.9,0.4,0,0,"84.1"
"4060","2009-2010",94.8,0.1,0.7,4.1,0.2,0,0,"85.1"
"4060","2010-2011",93.8,0.2,0.6,5.1,0.2,0,0,"89.2"
"4060","2011-2012",92.9,0.6,0.4,5.9,0.1,0,0,"90"
"4060","2012-2013",91.8,0.8,0.1,7.1,0,0,0.1,"90.5"
"4100","2008-2009",97.2,0.9,0,1.3,0.7,0,0,"76.1"
"4100","2009-2010",97.5,1,0,1,0.6,0,0,"82.9"
"4100","2010-2011",98.1,0.8,0,0.8,0.2,0,0,"83.8"
"4100","2011-2012",98.1,0.5,0.8,0,0.5,0,0,"84.3"
"4100","2012-2013",96.9,2.1,0.3,0.7,0,0,0,"85.5"
"4140","2008-2009",98.4,0.2,0,1.2,0.2,0,0,"85.5"
"4140","2009-2010",99,0,0,1,0,0,0,"89.8"
"4140","2010-2011",99.3,0,0.2,0.5,0,0,0,"89.7"
"4140","2011-2012",98.3,0.3,0.3,0.9,0.3,0,0,"90.5"
"4140","2012-2013",98.6,0,0.2,1.1,0,0,0,"90.3"
"4150","2008-2009",98.4,0.9,0,0.7,0,0,0,"84.3"
"4150","2009-2010",98.6,0.6,0,0.8,0,0,0,"89"
"4150","2010-2011",98.8,0.4,0,0.8,0,0,0,"89.6"
"4150","2011-2012",99,0,0,0.8,0.3,0,0,"90.5"
"4150","2012-2013",98,0.5,0,1,0,0,0.5,"90.9"
"4220","2008-2009",98.8,0.3,0,0.3,0.6,0,0,"87.7"
"4220","2009-2010",96.3,0.7,0,0.7,2.3,0,0,"94.4"
"4220","2010-2011",95.3,0,0,1.6,3.1,0,0,"91"
"4220","2011-2012",97.4,0,0,1.8,0.7,0,0,"94.4"
"4220","2012-2013",95.6,0,0,3.1,1.4,0,0,"95.7"
"4240","2008-2009",94.8,2,1.1,1.3,0.8,0,0,"75.4"
"4240","2009-2010",93.8,1.8,0.8,1.8,1.8,0,0,"75.9"
"4240","2010-2011",91.6,1.6,1.3,2.4,3.2,0,0,"82.9"
"4240","2011-2012",91.6,1.2,1.4,1.7,4,0,0,"83.2"
"4240","2012-2013",88.9,1.6,1.1,2.7,5.5,0,0.3,"84.1"
"4270","2008-2009",99.3,0.7,0,0,0,0,0,"90.2"
"4270","2009-2010",98.2,0,0,0.7,1.1,0,0,"95.6"
"4270","2010-2011",96.8,0,0,1.1,2.1,0,0,"96.2"
"4270","2011-2012",95.6,0.3,0,1,3,0,0,"95.5"
"4270","2012-2013",94.2,0,0,1.5,4.3,0,0,"96.2"
"4280","2008-2009",95.9,1.1,0,2.2,0.8,0,0,"74.4"
"4280","2009-2010",95.8,0.8,0,1.4,2,0,0,"75.3"
"4280","2010-2011",92.8,0.9,0,1.3,5,0,0,"73.6"
"4280","2011-2012",92.5,2.3,0,0.6,4.6,0,0,"83.3"
"4280","2012-2013",87.3,3.4,0.8,0.8,7.7,0,0,"83.1"
"4300","2008-2009",97.9,0.4,0,1.3,0.4,0,0,"85.8"
"4300","2009-2010",97.5,0.5,0.2,0.9,0.9,0,0,"90.4"
"4300","2010-2011",97.7,0.5,0,0.7,1.1,0,0,"90.2"
"4300","2011-2012",96.7,0.7,0,1,1.7,0,0,"93.7"
"4300","2012-2013",93,1.1,0,0.9,5,0,0,"94.3"
"4310","2008-2009",96.6,1.1,0.3,1.6,0.5,0,0,"89.2"
"4310","2009-2010",95.7,0.5,0.3,2,1.5,0,0,"94.9"
"4310","2010-2011",96.1,0,0.3,1.4,2.2,0,0,"94.8"
"4310","2011-2012",95.1,0,0,2.3,2.6,0,0,"94.8"
"4310","2012-2013",90.4,0.3,0,4.2,4.9,0,0.3,"95.1"
"4320","2008-2009",93.8,0.6,0.5,2.6,2.6,0,0,"58.9"
"4320","2009-2010",93.7,0.5,0.5,3.2,2.1,0,0,"60"
"4320","2010-2011",94.4,0.5,0.7,2.7,1.6,0,0,"61.7"
"4320","2011-2012",92.1,0.6,1.3,4,2.1,0,0,"74.8"
"4320","2012-2013",89.6,0.6,1.9,3.9,4.1,0,0,"74.0"
"4330","2008-2009",97.2,1.2,0,0.9,0.6,0,0,"58.2"
"4330","2009-2010",97.4,0.4,0,1.5,0.7,0,0,"57.4"
"4330","2010-2011",95.6,0.8,0,2.4,1.2,0,0,"57.7"
"4330","2011-2012",97,0.9,0,1.3,0.9,0,0,"72.7"
"4330","2012-2013",95.9,0.5,0,2,1.5,0,0,"74.4"
"4370","2008-2009",98,0.7,0,0,1.4,0,0,"83.8"
"4370","2009-2010",97.1,1.1,0.4,0,1.5,0,0,"83.4"
"4370","2010-2011",96.5,1.6,0,0,2,0,0,"83.5"
"4370","2011-2012",94.6,1.2,0,0,4.2,0,0,"83.3"
"4370","2012-2013",94.6,0.4,0,0.8,3.9,0,0.4,"88.9"
"4380","2008-2009",96.4,0.8,0,1.8,1,0,0,"86.7"
"4380","2009-2010",97.3,0.5,0,1.2,1,0,0,"93.4"
"4380","2010-2011",97,0.5,0,1.3,1.3,0,0,"90.5"
"4380","2011-2012",97.7,0.5,0,0.8,1,0,0,"94.6"
"4380","2012-2013",96.3,0.5,0,2.1,1,0,0,"89.9"
"4390","2008-2009",98.8,0.2,0,0.7,0.2,0,0,"91.6"
"4390","2009-2010",98,0.3,0,1.5,0.3,0,0,"95.8"
"4390","2010-2011",97,0.3,0,1.6,1.1,0,0,"95.3"
"4390","2011-2012",94.9,1.1,0,2.7,1.3,0,0,"95"
"4390","2012-2013",91.7,0.6,0,4.6,3.1,0,0,"95.5"
"4400","2008-2009",98.6,0.5,0,1,0,0,0,"89.2"
"4400","2009-2010",98.3,0.4,0,1.1,0.2,0,0,"94.2"
"4400","2010-2011",97.2,1,0,0.5,1.3,0,0,"94"
"4400","2011-2012",96.2,1.2,0,1.5,1.2,0,0,"94.2"
"4400","2012-2013",96.3,0.9,0,1.2,1.5,0,0,"95.2"
"4430","2008-2009",98.7,0.2,0,0.9,0.2,0,0,"87"
"4430","2009-2010",97.4,0.6,0,1.7,0.2,0,0,"89.8"
"4430","2010-2011",97.1,0.2,0,1.4,1.2,0,0,"90.5"
"4430","2011-2012",97.1,0.2,0.5,1,1.2,0,0,"89.8"
"4430","2012-2013",94.5,1.1,0,1.4,3,0,0,"90.9"
"4440","2008-2009",97.4,0.3,0,1.8,0.6,0,0,"86.2"
"4440","2009-2010",97.7,0.5,0,1.3,0.5,0,0,"93.5"
"4440","2010-2011",95.8,0.8,0,2.1,1.3,0,0,"90.8"
"4440","2011-2012",93,1.4,0,3.6,2,0,0,"93.9"
"4440","2012-2013",93.2,1.7,0,3.5,1.7,0,0,"93.9"
"4450","2008-2009",99.7,0.3,0,0,0,0,0,"88.1"
"4450","2009-2010",98.5,0.3,0,0.9,0.3,0,0,"93.6"
"4450","2010-2011",97.4,0.6,0,1.2,0.9,0,0,"93.5"
"4450","2011-2012",97,0.3,0,2,0.7,0,0,"94.6"
"4450","2012-2013",93.9,1,0,3.1,1.7,0.3,0,"95.7"
"4460","2008-2009",98.4,0.3,0,0.5,0.8,0,0,"86.9"
"4460","2009-2010",96.5,0,0,1.9,1.6,0,0,"94.1"
"4460","2010-2011",96.1,0.8,0,1.1,2,0,0,"95.1"
"4460","2011-2012",93.7,2.5,0,2.2,1.6,0,0,"95.3"
"4460","2012-2013",94.3,1.8,0,2.5,1.4,0,0,"94.8"
"4470","2008-2009",97.6,0.3,0,1.9,0.3,0,0,"85.5"
"4470","2009-2010",96.7,0.5,0,2,0.8,0,0,"89.5"
"4470","2010-2011",96.2,0.2,0,1.2,2.4,0,0,"90.5"
"4470","2011-2012",92.2,0.5,0,2,5.3,0,0,"89.7"
"4470","2012-2013",91,0.3,0,2.2,6.5,0,0,"95.2"
"4480","2008-2009",84.9,3.3,1,7.2,3.6,0,0,"58.7"
"4480","2009-2010",86.6,2.9,0.4,6.9,3.3,0,0,"57.5"
"4480","2010-2011",87.9,1.8,0.4,7,2.9,0,0,"51.8"
"4480","2011-2012",89.1,2,0.4,6.1,2.4,0,0,"59.7"
"4480","2012-2013",80.3,3.8,0.4,6.7,8.8,0,0,"60.3"
"4530","2008-2009",99.4,0,0,0.6,0,0,0,"86.8"
"4530","2009-2010",98,0.6,0,1.1,0.3,0,0,"90.4"
"4530","2010-2011",97.6,0.6,0,1.2,0.6,0,0,"93.6"
"4530","2011-2012",96.2,0.3,0,2.6,0.9,0,0,"94.4"
"4530","2012-2013",95.8,0.3,0,2.2,1.4,0,0.3,"94.4"
"4560","2008-2009",96.9,0.6,0,2.5,0,0,0,"86.4"
"4560","2009-2010",95.5,0.3,0,2.4,1.7,0,0,"93.6"
"4560","2010-2011",96.8,0.3,0,1.3,1.6,0,0,"90.3"
"4560","2011-2012",93.2,0.3,0,4.5,1.9,0,0,"94.2"
"4560","2012-2013",92.5,0.7,0,2.6,4.2,0,0,"95.9"
"4570","2008-2009",98.3,0,0,1.2,0.5,0,0,"88.4"
"4570","2009-2010",95.9,0.5,0.3,1.9,1.4,0,0,"94.5"
"4570","2010-2011",95.9,0.8,0,1.6,1.6,0,0,"94.6"
"4570","2011-2012",95.1,0.9,0,1.7,2.3,0,0,"94.8"
"4570","2012-2013",94.3,0.8,0.5,1.1,3.3,0,0,"94.9"
"5020","2008-2009",16.6,1.7,0.8,80.4,0.6,0,0,"86.2"
"5020","2009-2010",15.5,1.2,0.7,82.2,0.4,0,0,"89.9"
"5020","2010-2011",15.1,1.2,0.6,82.7,0.4,0,0,"90.5"
"5020","2011-2012",17.2,1.6,0.4,80.3,0.5,0,0,"90.3"
"5020","2012-2013",16.9,1.4,0.3,80.6,0.9,0,0,"94.4"
"5050","2008-2009",66.4,6.1,1.4,25.6,0.4,0,0,"76"
"5050","2009-2010",64.9,5.3,0.8,28.6,0.4,0,0,"76"
"5050","2010-2011",62.9,3.6,1.2,31,1.2,0,0,"83.2"
"5050","2011-2012",58.1,3.4,1.3,36,1.3,0,0,"89.3"
"5050","2012-2013",56.8,3.9,1.5,35.9,1.5,0,0.5,"88.8"
"5060","2008-2009",56.4,5.1,2,35.8,0.7,0,0,"83.4"
"5060","2009-2010",54.5,4.7,1.9,37.5,1.4,0,0,"83.7"
"5060","2010-2011",56.9,3.8,1.9,36.2,1.3,0,0,"84.9"
"5060","2011-2012",56.6,3.8,1.4,37.2,1,0,0,"89.2"
"5060","2012-2013",56.9,2.9,1.3,38,0.7,0,0.1,"90.4"
"5070","2008-2009",98.6,0.3,0,1,0,0,0,"57.1"
"5070","2009-2010",98.9,0,0,0.7,0.4,0,0,"60.7"
"5070","2010-2011",97.1,0.7,0,1.8,0.4,0,0,"58.6"
"5070","2011-2012",95.6,0.7,0,2.4,1.4,0,0,"74.7"
"5070","2012-2013",94.6,0.8,0,2.7,1.9,0,0,"76.5"
"5080","2008-2009",79.2,5.4,8.5,6.9,0,0,0,"62.1"
"5080","2009-2010",78.7,4.5,8,7.4,1.3,0,0,"73.2"
"5080","2010-2011",79.8,4.1,6.9,7.9,1.3,0,0,"75.1"
"5080","2011-2012",83,2.4,6.1,6.9,1.6,0,0,"75.5"
"5080","2012-2013",80.7,1.9,7.4,8.1,1.7,0,0.2,"84.8"
"5090","2008-2009",98.8,0.6,0.3,0.3,0,0,0,"61"
"5090","2009-2010",98.7,0.3,0.3,0.3,0.3,0,0,"61.7"
"5090","2010-2011",97.9,0.7,0.7,0.3,0.3,0,0,"74.1"
"5090","2011-2012",96.2,1.9,0.8,0.8,0.4,0,0,"83.2"
"5090","2012-2013",96.5,1.5,0.4,1.2,0.4,0,0,"84.7"
"5110","2008-2009",26.4,15.2,2.4,54.9,1,0,0,"88.3"
"5110","2009-2010",28.8,16.6,1.7,51.5,1.4,0,0,"93.6"
"5110","2010-2011",28.7,17.3,1.7,50.5,1.7,0,0,"94.7"
"5110","2011-2012",25.5,23.6,1.1,46.2,3.6,0,0,"94.1"
"5110","2012-2013",24.2,27.3,2.3,40.2,5.9,0,0,"94.7"
"5150","2008-2009",56.5,14.3,12.7,15.7,0.9,0,0,"59"
"5150","2009-2010",54.5,14.6,10.9,18.7,1.3,0,0,"60.7"
"5150","2010-2011",54.3,11.9,11,21.6,1.3,0,0,"61.7"
"5150","2011-2012",53.5,11,12.6,21.7,1.3,0,0,"73.9"
"5150","2012-2013",54,11.7,12.8,19.8,1.6,0,0.2,"75.7"
"5170","2008-2009",5,2,0.2,92.5,0.3,0,0,"88.8"
"5170","2009-2010",4.9,1.4,0,92.9,0.8,0,0,"93.9"
"5170","2010-2011",4.7,1.4,0,93.1,0.7,0,0,"94"
"5170","2011-2012",3.8,1.1,0.5,93.3,1.3,0,0,"94.6"
"5170","2012-2013",8.2,1.1,0.5,88.4,1.7,0,0.2,"94.9"
"5200","2008-2009",4.8,85.1,2.2,5.1,2.9,0,0,"75.6"
"5200","2009-2010",6.5,84.1,1.3,4.7,3.4,0,0,"83.2"
"5200","2010-2011",5.7,83.6,1.9,5.7,3.1,0,0,"84.5"
"5200","2011-2012",6.5,80,1.5,7.5,4.5,0,0,"85.1"
"5200","2012-2013",10.1,74.6,1.5,7.4,6.4,0,0,"84.2"
"5210","2008-2009",16.2,14.7,22.6,42.1,4.3,0,0,"88.6"
"5210","2009-2010",18.4,15.3,21.5,42,2.9,0,0,"94.2"
"5210","2010-2011",13.9,13.9,22.4,44.9,4.9,0,0,"93.9"
"5210","2011-2012",17.1,11.6,19.9,46.9,4.5,0,0,"94.1"
"5210","2012-2013",15.7,12.5,18.3,47.7,5.9,0,0,"94.5"
"5230","2008-2009",45.7,16.4,4.8,31.9,1.2,0,0,"76.2"
"5230","2009-2010",42.6,14.7,4.3,36.5,1.9,0,0,"75.9"
"5230","2010-2011",41.4,11.5,4.2,40,3,0,0,"83.7"
"5230","2011-2012",39.5,9.7,4,44.1,2.7,0,0,"88.8"
"5230","2012-2013",42.4,9,3.8,42.2,2.6,0,0,"90.2"
"5240","2008-2009",35.2,30,1.8,32.2,0.7,0,0,"84"
"5240","2009-2010",32.6,25.7,1.3,39.4,1,0,0,"83.9"
"5240","2010-2011",33.2,25.4,1.9,38.8,0.7,0,0,"90.3"
"5240","2011-2012",33.8,24.8,1,38.3,2.1,0,0,"90.6"
"5240","2012-2013",29.9,25.9,0.8,42.6,0.4,0,0.4,"94.6"
"5250","2008-2009",98.1,0,0,0.5,1.4,0,0,"85.2"
"5250","2009-2010",93.4,0,1.1,2.2,3.3,0,0,"93.4"
"5250","2010-2011",92.9,0,0,4.7,2.4,0,0,"90.4"
"5250","2011-2012",93.2,0,0,2.8,4,0,0,"94.2"
"5250","2012-2013",92,0.4,0,2.7,4.9,0,0,"94.5"
"5260","2008-2009",22.3,2.2,0.7,73.8,1,0,0,"90.3"
"5260","2009-2010",24,2.8,0.5,70.8,1.9,0,0,"94.5"
"5260","2010-2011",19.9,3.2,0.6,72.2,4.1,0,0,"94.8"
"5260","2011-2012",17.9,2.4,0.8,73.3,5.6,0,0,"94.5"
"5260","2012-2013",18.8,2.6,0.5,71.5,6.5,0,0.1,"96.7"
"5280","2008-2009",20.1,0.7,0,78.7,0.5,0,0,"88.6"
"5280","2009-2010",19.1,0.7,0,78.5,1.7,0,0,"94.2"
"5280","2010-2011",19.6,0.5,0.2,78,1.6,0,0,"94.6"
"5280","2011-2012",21.9,0.9,0.6,74.3,2.3,0,0,"94.6"
"5280","2012-2013",21.9,0.6,0.6,73.9,2.9,0,0,"93.6"
"5290","2008-2009",76.7,0.5,0.5,21.3,1,0,0,"91.2"
"5290","2009-2010",76.6,0.2,0.7,18.9,3.6,0,0,"95.9"
"5290","2010-2011",71.5,0.8,1.6,20.6,5.5,0,0,"94.7"
"5290","2011-2012",68,1.3,1.6,23.9,5.2,0,0,"95"
"5290","2012-2013",68,1.5,1.8,21,7.6,0,0,"95.9"
"5300","2008-2009",8.2,67.3,1.8,19.1,3.6,0,0,"86.4"
"5300","2009-2010",9.8,63.9,1.2,18.9,6.2,0,0,"89.5"
"5300","2010-2011",8.5,66.8,1.2,17.2,6.2,0,0,"89.8"
"5300","2011-2012",9.5,67.5,1.4,16.5,5,0,0,"93.3"
"5300","2012-2013",8.8,65.2,1.2,15.8,9.1,0,0,"90.1"
"5320","2008-2009",75.2,0.2,0.2,24.3,0,0,0,"91.2"
"5320","2009-2010",74.1,0.5,0,25.4,0,0,0,"95.1"
"5320","2010-2011",71,1,0,26.1,2,0,0,"95"
"5320","2011-2012",72.7,0.5,0,24.8,2,0,0,"94.9"
"5320","2012-2013",70,0.2,0,26,3.4,0,0.5,"95.7"
"5330","2008-2009",13.8,2,0.2,82.1,2,0,0,"87.2"
"5330","2009-2010",13.3,1.8,0.2,81.7,3,0,0,"93.6"
"5330","2010-2011",11.4,1.7,0.2,81.5,5.2,0,0,"93.9"
"5330","2011-2012",10.4,1.4,0,84.3,3.9,0,0,"94.3"
"5330","2012-2013",9.4,1.8,0.6,83.2,4.9,0,0,"94.8"
"5340","2008-2009",64.2,0.7,0,28.8,6.3,0,0,"86"
"5340","2009-2010",69.2,0,0.4,25.4,5.1,0,0,"90.3"
"5340","2010-2011",68,0,1.3,27,3.7,0,0,"95.3"
"5340","2011-2012",66.1,0.7,1.4,27.5,4.4,0,0,"94.1"
"5340","2012-2013",68.8,0.6,2.1,22.3,5.5,0,0.6,"93.9"
"5350","2008-2009",20.6,2.2,0.3,72.7,4.1,0,0,"86.8"
"5350","2009-2010",22.4,0.7,1,72,3.9,0,0,"90.6"
"5350","2010-2011",25.3,1.4,1.7,67,4.5,0,0,"93.9"
"5350","2011-2012",29.2,1.3,1.3,63,5.2,0,0,"94.9"
"5350","2012-2013",30.2,2,1.4,61.7,4.4,0,0.3,"94.6"
"5370","2008-2009",15.7,17.2,0,58.4,8.7,0,0,"84.3"
"5370","2009-2010",16.9,13.2,0.5,55.5,13.9,0,0,"89.6"
"5370","2010-2011",17.5,10.9,0.7,54.1,16.8,0,0,"89.6"
"5370","2011-2012",15.5,10.6,0.5,54.7,18.7,0,0,"89.8"
"5370","2012-2013",15.1,9.8,0.7,56.5,17.5,0,0.4,"89.7"
"5390","2008-2009",21.4,0.8,0,76.9,0.8,0,0,"90.2"
"5390","2009-2010",19.8,0.8,0,78.1,1.3,0,0,"94.5"
"5390","2010-2011",20,1.7,0.5,76.3,1.4,0,0,"94"
"5390","2011-2012",19,1.2,0.5,76.8,2.5,0,0,"94.9"
"5390","2012-2013",19.9,1.2,0.7,75.4,2.5,0,0.2,"95.3"
"5400","2008-2009",17.4,54.2,0.3,23,5,0,0,"85.3"
"5400","2009-2010",16.1,54.1,0.5,22.4,7.1,0,0,"85.4"
"5400","2010-2011",15.3,53,0.7,23.2,7.8,0,0,"88.7"
"5400","2011-2012",12.1,52.3,0.9,26.6,8.2,0,0,"89.3"
"5400","2012-2013",15.1,45.9,0.9,28.1,9.9,0,0.1,"93.6"
"5410","2008-2009",7.9,0.8,0,90.2,1.1,0,0,"91.3"
"5410","2009-2010",7.4,1.1,0.4,90,1.1,0,0,"94.6"
"5410","2010-2011",6.4,0.4,0.4,91.8,1.1,0,0,"93.9"
"5410","2011-2012",7.4,6,0.4,84.1,2.1,0,0,"93.9"
"5410","2012-2013",7.2,4.3,0.4,85.1,2.9,0,0,"95.9"
"5420","2008-2009",23.9,1,0.3,74.5,0.3,0,0,"87.2"
"5420","2009-2010",22.9,1.2,0.3,75,0.7,0,0,"90.5"
"5420","2010-2011",23.3,0.5,0.3,73.9,2,0,0,"93.6"
"5420","2011-2012",26.6,0.7,0.3,68.8,3.6,0,0,"93.6"
"5420","2012-2013",24.8,0.2,0.4,70.8,3.9,0,0,"95.5"
"5430","2008-2009",19.2,52.4,1.5,25.4,1.5,0,0,"74.3"
"5430","2009-2010",19.8,50.2,2.4,25.7,1.9,0,0,"75.5"
"5430","2010-2011",20.4,49.5,3.1,25.3,1.8,0,0,"83.2"
"5430","2011-2012",23.6,43.6,3.8,24.4,4.6,0,0,"84.6"
"5430","2012-2013",20.4,46.2,4.3,22.9,6.3,0,0,"85.5"
"5440","2008-2009",35.8,6.9,1.5,55.1,0.7,0,0,"89.5"
"5440","2009-2010",37.9,7.8,0.9,52.1,1.2,0,0,"94.2"
"5440","2010-2011",39.3,8,0.7,50.5,1.6,0,0,"94.2"
"5440","2011-2012",35.9,7.2,0.5,53.7,2.7,0,0,"94.4"
"5440","2012-2013",33.7,7.4,0.5,54.7,3.8,0,0,"96.0"
"5450","2008-2009",20.2,54.3,1.3,23.5,0.8,0,0,"83.1"
"5450","2009-2010",20.7,52.7,0.9,24.5,1.1,0,0,"85"
"5450","2010-2011",26.7,43.3,1,28.1,1,0,0,"85.4"
"5450","2011-2012",30.8,36.4,0.5,31.5,0.8,0,0,"89.7"
"5450","2012-2013",27.8,42.1,0.3,29.5,0.3,0,0,"93.6"
"5470","2008-2009",16.8,2.2,0.2,80.1,0.6,0,0,"89"
"5470","2009-2010",14.2,1.9,0,82.2,1.7,0,0,"94.2"
"5470","2010-2011",13.5,2.1,0,82.1,2.2,0,0,"94.7"
"5470","2011-2012",14.1,2.3,0,81.1,2.5,0,0,"94.6"
"5470","2012-2013",14,2,0,80.3,3.6,0.1,0,"95.7"
"5480","2008-2009",90,4,0.2,4.2,1.6,0,0,"84.4"
"5480","2009-2010",87,5.5,0.7,4.8,2.1,0,0,"85.4"
"5480","2010-2011",85.7,6.8,0.5,4.1,2.9,0,0,"84.7"
"5480","2011-2012",83.8,6.4,0.2,6.2,3.3,0,0,"88.8"
"5480","2012-2013",84.3,6.3,0.7,4,4.7,0,0,"85.6"
"5490","2008-2009",36.9,2,0.9,58.7,1.5,0,0,"87.5"
"5490","2009-2010",38.3,1.3,1.3,57.3,1.8,0,0,"93.6"
"5490","2010-2011",33.5,1.5,1.3,61.6,2.1,0,0,"93.8"
"5490","2011-2012",31.9,1,1.5,62.5,3.2,0,0,"93.7"
"5490","2012-2013",28.3,1.5,0.5,64.6,4.4,0,0.7,"90.3"
"5500","2008-2009",61.4,0.5,9.2,26.7,2.2,0,0,"85.5"
"5500","2009-2010",63.3,1.2,7,25.4,3.2,0,0,"84.8"
"5500","2010-2011",64.4,1,6.3,25,3.4,0,0,"85.1"
"5500","2011-2012",62.2,1.7,6.5,25.1,4.4,0,0,"89.5"
"5500","2012-2013",62.3,1.4,6,23.5,6.9,0,0,"88.5"
"5510","2008-2009",33.5,15.1,0.8,50.3,0.4,0,0,"84.7"
"5510","2009-2010",31.9,11.4,1.8,54.6,0.4,0,0,"89.5"
"5510","2010-2011",28.5,12,1.6,57.6,0.2,0,0,"89.2"
"5510","2011-2012",24.9,10.2,1.6,62.8,0.5,0,0,"90"
"5510","2012-2013",28.7,9.4,1.6,60.3,0,0,0,"94.6"
"5520","2008-2009",33.7,10.5,1.3,54,0.6,0,0,"85.4"
"5520","2009-2010",33.4,9.5,0.4,56.3,0.4,0,0,"89"
"5520","2010-2011",31.8,9.4,0.8,57.8,0.2,0,0,"89.6"
"5520","2011-2012",27,9.2,1.6,62.2,0,0,0,"90.6"
"5520","2012-2013",28.3,8.7,0.7,62.1,0.2,0,0,"94.1"
"5530","2008-2009",33.7,2.8,2.5,57.7,3.3,0,0,"89.6"
"5530","2009-2010",32.3,3.2,2.8,57.5,4.2,0,0,"94.5"
"5530","2010-2011",29.6,2.5,1.8,61.2,4.9,0,0,"95.1"
"5530","2011-2012",30.1,2.3,1.9,58.6,7.2,0,0,"94.5"
"5530","2012-2013",27.3,1.6,1.9,61.3,7.6,0,0.3,"96.6"
"5550","2008-2009",30.1,15,3,51,0.9,0,0,"85.1"
"5550","2009-2010",31.1,11.1,2.6,54.3,0.9,0,0,"89.5"
"5550","2010-2011",31.9,9.9,3,55,0.2,0,0,"89.5"
"5550","2011-2012",30.3,7.7,3.4,58.4,0.2,0,0,"93.4"
"5550","2012-2013",25.7,8.2,1.9,63.9,0.3,0,0,"94.7"
"5560","2008-2009",92.9,1.2,0.6,5,0.3,0,0,"87.1"
"5560","2009-2010",91.3,1.6,0.6,5.4,1,0,0,"90.2"
"5560","2010-2011",94.3,0.7,0.7,4.1,0.3,0,0,"90.4"
"5560","2011-2012",92.7,0.7,0,5.6,1,0,0,"90.6"
"5560","2012-2013",88.3,0.7,2.6,5.8,2.2,0,0.4,"89.9"
"5590","2008-2009",34.1,12.2,0.2,50.6,2.9,0,0,"89.7"
"5590","2009-2010",33.6,10.8,0.1,52.6,2.8,0,0,"94.6"
"5590","2010-2011",34,10.7,0.1,50.8,4.4,0,0,"94.5"
"5590","2011-2012",32.9,11.3,0.2,51.2,4.4,0,0,"94.8"
"5590","2012-2013",31.8,12.2,0.2,49.4,5.8,0,0.7,"96.8"
"5600","2010-2011",38.3,11.1,0,50.6,0,0,0,
"5600","2011-2012",33.7,9.6,1.2,55.4,0,0,0,"90.2"
"5600","2012-2013",35.2,9.3,1.3,53.3,0.9,0,0,"94.2"
"5650","2008-2009",41.3,9.5,1.1,47.5,0.6,0,0,"91.6"
"5650","2009-2010",45.1,7.1,0,47.3,0.4,0,0,"96.1"
"5650","2010-2011",45.1,11.5,0.9,40.7,1.8,0,0,"95"
"5650","2011-2012",40.6,10.5,0.4,47.3,1.3,0,0,"95.7"
"5650","2012-2013",41.7,13.6,0,44.7,0,0,0,"95.7"
"5680","2008-2009",8.9,0.9,0.2,89,1,0,0,"89.1"
"5680","2009-2010",9,0.9,0.1,89.5,0.6,0,0,"93.7"
"5680","2010-2011",9.7,1,0,88.9,0.4,0,0,"94.1"
"5680","2011-2012",12.3,1.4,0,85.3,1.1,0,0,"94.3"
"5680","2012-2013",11.1,1.7,0,84.5,2.7,0,0,"96.1"
"6010","2008-2009",30.7,31.6,28.9,7.6,1.2,0,0,"47.5"
"6010","2009-2010",32.4,29,29.9,7.2,1.5,0,0,"47.8"
"6010","2010-2011",32,28.4,30.1,7.6,1.8,0,0,"49"
"6010","2011-2012",32.5,26.5,30.6,7.6,2.7,0,0,"50.4"
"6010","2012-2013",31.1,25.1,31.9,8.7,2.8,0,0.4,"57.0"
"6020","2008-2009",98,0.5,0.2,0.9,0.5,0,0,"83.2"
"6020","2009-2010",97.6,0.1,0,1.8,0.5,0,0,"83.2"
"6020","2010-2011",97.9,0.1,0,1.3,0.6,0,0,"84.1"
"6020","2011-2012",96.4,1.1,0,2,0.5,0,0,"85.5"
"6020","2012-2013",96.6,1.2,0,1.6,0.4,0,0.1,"89.5"
"6030","2008-2009",82.9,12.4,1.5,1.9,1.2,0,0,"62.3"
"6030","2009-2010",83.4,12.5,1.1,1.5,1.4,0,0,"73.7"
"6030","2010-2011",81,14.4,0.9,2.5,1.2,0,0,"75.6"
"6030","2011-2012",79,15.2,1.3,3.2,1.1,0,0,"83.3"
"6030","2012-2013",75.2,18.6,1.9,3.5,0.8,0,0,"83.9"
"6040","2008-2009",62.8,24,1.3,9.7,2.3,0,0,"57.2"
"6040","2009-2010",62.4,23.7,1.1,11.2,1.6,0,0,"58.6"
"6040","2010-2011",62.7,23.6,1.4,11.5,0.9,0,0,"60.4"
"6040","2011-2012",62.5,23,1.6,12.1,1,0,0,"62.1"
"6040","2012-2013",63.7,19.7,1.3,14,0.9,0,0.4,"73.3"
"6050","2008-2009",62.9,11.4,16.8,8.1,0.8,0,0,"57"
"6050","2009-2010",63.9,10.3,17.1,7.9,0.8,0,0,"58.2"
"6050","2010-2011",64,9.1,17.7,8.4,0.8,0,0,"58.9"
"6050","2011-2012",66,7.7,16.6,8.7,1,0,0,"62.4"
"6050","2012-2013",66.2,6.8,15.1,11,1,0,0,"74.3"
"6060","2008-2009",97.7,0.6,0.2,1,0.5,0,0,"74"
"6060","2009-2010",97.9,0.2,0.2,0.9,0.7,0,0,"74.1"
"6060","2010-2011",96.8,0.6,0.5,1.2,0.9,0,0,"75.1"
"6060","2011-2012",97,0.9,0.1,1.5,0.6,0,0,
"6060","2012-2013",96.3,0.7,0.3,2.1,0.5,0,0.1,"84.4"
"6070","2008-2009",76.5,6.4,2.3,13.5,1.3,0,0,"61"
"6070","2009-2010",82.4,3.6,0.7,12.4,1,0,0,"61.5"
"6070","2010-2011",84.6,3.8,0.9,10.3,0.3,0,0,"73"
"6070","2011-2012",85.2,2.9,1.2,10.7,0,0,0,"76.4"
"6070","2012-2013",82.5,3.2,1.2,13.1,0,0,0,"83.3"
"6090","2008-2009",93.1,1.3,0.3,4.8,0.5,0,0,"74.2"
"6090","2009-2010",92.4,0.7,0.5,5.9,0.5,0,0,"75"
"6090","2010-2011",91.2,1.7,0.3,6.5,0.3,0,0,"83.6"
"6090","2011-2012",88.9,2,0.3,8.8,0,0,0,"84.5"
"6090","2012-2013",89.8,1.8,0.4,8,0,0,0,"85.4"
"6100","2008-2009",96.7,1.1,0,2.2,0,0,0,"74.6"
"6100","2009-2010",97,0.7,0,2.3,0,0,0,"73"
"6100","2010-2011",98.1,0.3,0,1,0.6,0,0,"74.5"
"6100","2011-2012",96.5,0.4,0,2.3,0.8,0,0,"74"
"6100","2012-2013",94.5,0.7,0,3.3,1.5,0,0,"84.0"
"6110","2008-2009",96.6,0.3,0,2.6,0.5,0,0,"83.9"
"6110","2009-2010",96.4,0.5,0.3,2.3,0.5,0,0,"85"
"6110","2010-2011",96.6,1.1,0.3,1.7,0.3,0,0,"88.6"
"6110","2011-2012",95.6,0.9,0,3.2,0.3,0,0,"89.1"
"6110","2012-2013",97.8,0,0.3,1.9,0,0,0,"90.4"
"6200","2008-2009",97.3,0.4,0.2,1,1.2,0,0,"73.6"
"6200","2009-2010",95.4,0.6,0.2,2.9,1,0,0,"74.7"
"6200","2010-2011",94.3,0.4,0.4,2.8,2,0,0,"75.1"
"6200","2011-2012",93.4,0.9,0.2,2.8,2.8,0,0,"75.3"
"6200","2012-2013",95.5,0.8,0.2,1.5,1.9,0,0,"84.2"
"6210","2008-2009",99,0,0.2,0.7,0.2,0,0,"72.6"
"6210","2009-2010",98,0.2,0.2,1.2,0.5,0,0,"61.8"
"6210","2010-2011",98,0.2,0.2,1,0.7,0,0,"73.8"
"6210","2011-2012",97.8,0,0.2,0.7,1.3,0,0,"73.4"
"6210","2012-2013",94.8,0.4,0,1.8,3,0,0,"74.5"
"6220","2008-2009",94.7,0.9,0.5,2,1.8,0,0,"85"
"6220","2009-2010",95.9,0.7,0.2,1.9,1.2,0,0,"85.1"
"6220","2010-2011",95.3,0.5,0.3,2.7,1.2,0,0,"85.2"
"6220","2011-2012",94,0.7,0.3,2.8,2.1,0,0,"84.8"
"6220","2012-2013",94,0.6,0.2,2.1,3.1,0,0,"89.5"
"6230","2008-2009",98,0.6,0,0.6,0.9,0,0,"73.3"
"6230","2009-2010",98.5,0,0,0.6,0.9,0,0,"73.5"
"6230","2010-2011",96,0.3,0,2.4,1.2,0,0,"75.6"
"6230","2011-2012",95.5,0.3,0.3,2.6,1.3,0,0,"84.7"
"6230","2012-2013",96.5,0.3,0,2.1,1,0,0,"84.7"
"6240","2008-2009",93.5,0.6,0,4.5,1.4,0,0,"88"
"6240","2009-2010",94.7,0.6,0,3.2,1.5,0,0,"90.3"
"6240","2010-2011",94.2,0.6,0,4.1,1.2,0,0,"89.9"
"6240","2011-2012",92,0.9,0,6,1.1,0,0,"93.5"
"6240","2012-2013",93.7,1.1,0,3.8,1.1,0,0.3,"94.1"
"6250","2008-2009",82.6,11.1,0.6,2.4,3.4,0,0,"57.8"
"6250","2009-2010",77.7,15.7,0.8,2.5,3.3,0,0,"58.2"
"6250","2010-2011",77.8,15.8,0.7,2.1,3.7,0,0,"60.4"
"6250","2011-2012",78.2,13.7,0.7,1.9,5.6,0,0,"60.5"
"6250","2012-2013",76,12.8,1.2,2.6,7.5,0,0,"73.0"
"6260","2008-2009",96.1,1.3,0.4,1.7,0.4,0,0,"60.8"
"6260","2009-2010",91.9,1.9,0.4,2.9,2.9,0,0,"62.1"
"6260","2010-2011",89.4,2.7,0.8,3,4,0,0,"62"
"6260","2011-2012",86.5,3.4,0.4,2.6,7.2,0,0,"74.1"
"6260","2012-2013",85.6,3.7,0.2,2.6,7.8,0,0.2,"83.4"
"6270","2008-2009",83.2,8.6,2.4,1.9,3.9,0,0,"47.7"
"6270","2009-2010",82.9,8.9,2.2,2.2,3.9,0,0,"48.5"
"6270","2010-2011",84.2,7.4,1.6,2.2,4.6,0,0,"51.7"
"6270","2011-2012",82.7,7.1,1.2,2.7,6.3,0,0,"57.3"
"6270","2012-2013",81,8.3,1.3,2.5,6.9,0,0,"58.2"
"6280","2008-2009",97,0.4,0,2.4,0.2,0,0,"85.3"
"6280","2009-2010",97.1,0.4,0,2.1,0.4,0,0,"88.6"
"6280","2010-2011",96,0.6,0,1.8,1.6,0,0,"85.1"
"6280","2011-2012",95.2,0.2,0,2,2.6,0,0,"85.5"
"6280","2012-2013",93.4,0.6,0,1.8,3.7,0,0.4,"90.1"
"6300","2008-2009",95,0.9,0.7,2.5,0.9,0,0,"85.6"
"6300","2009-2010",93.7,0.8,0.5,2.8,2.3,0,0,"89.4"
"6300","2010-2011",91.9,0.8,0.5,3,3.8,0,0,"88.8"
"6300","2011-2012",92.2,0.6,1.1,3.1,3.1,0,0,"85.4"
"6300","2012-2013",91.2,0.6,1.7,3.7,2.5,0,0.3,"89.3"
"6310","2008-2009",98.2,0,0.3,1.2,0.3,0,0,"61.4"
"6310","2009-2010",97.8,0.3,0,1.1,0.8,0,0,"60.1"
"6310","2010-2011",97.7,0,0,1,1.3,0,0,"73.8"
"6310","2011-2012",96.4,0.3,0,2,1.3,0,0,"75.1"
"6310","2012-2013",96.1,0.8,0,1.3,1.8,0,0,"83.7"
"6320","2008-2009",88.6,8.5,0,1.8,1.1,0,0,"83.1"
"6320","2009-2010",88.4,8.6,0.4,1.1,1.5,0,0,"83.7"
"6320","2010-2011",86.1,10,0.4,1.3,2.2,0,0,"84.6"
"6320","2011-2012",84.2,11.1,0.4,1.3,3,0,0,"89.3"
"6320","2012-2013",80.1,12.5,0,1.4,5.9,0,0,"89.4"
"6330","2008-2009",97.1,0.6,0,1.9,0.4,0,0,"86.8"
"6330","2009-2010",97.1,0.5,0.2,1.4,0.9,0,0,"89.6"
"6330","2010-2011",98.2,0.2,0,1,0.7,0,0,"89.8"
"6330","2011-2012",94.9,0.4,0,3.2,1.5,0,0,"90.6"
"6330","2012-2013",96.1,0.6,0,1.6,1.4,0,0.4,"95.2"
"6340","2008-2009",98.6,1,0,0.2,0.2,0,0,"83.9"
"6340","2009-2010",97.8,1.2,0,1,0,0,0,"88.7"
"6340","2010-2011",96.7,1.6,0,1.2,0.5,0,0,"88.8"
"6340","2011-2012",96.3,1.6,0,0.5,1.6,0,0,"88.7"
"6340","2012-2013",95.4,1.8,0,0.8,1.8,0,0.3,"89.4"
"6350","2008-2009",98.4,0.2,0.2,0.9,0.2,0,0,"82.8"
"6350","2009-2010",98.4,0.2,0,0.7,0.7,0,0,"83.1"
"6350","2010-2011",97.8,0.9,0,0.4,0.9,0,0,"76.3"
"6350","2011-2012",96.3,1,0,1.4,1.2,0,0,"83.7"
"6350","2012-2013",96.5,0.6,0,0.6,2.3,0,0,"83.0"
"6380","2008-2009",38,54.3,2,1.8,3.9,0,0,"48.2"
"6380","2009-2010",38.8,52.6,1.7,3.1,3.7,0,0,"48.5"
"6380","2010-2011",35.9,54.6,2,3.4,4.1,0,0,"51.9"
"6380","2011-2012",36.7,52.5,2.1,4.3,4.5,0,0,"58.3"
"6380","2012-2013",36.3,52.1,1.2,4.9,5.4,0,0,"59.4"
"6390","2008-2009",97.2,0.4,0,2,0.4,0,0,"87.7"
"6390","2009-2010",96.4,0.4,0,2.5,0.7,0,0,"93.5"
"6390","2010-2011",94.4,0.9,0,3.4,1.3,0,0,"94.1"
"6390","2011-2012",94.4,1.2,0,3.2,1.2,0,0,"93.8"
"6390","2012-2013",92.7,0.8,0,3.2,2.1,0.2,1,"90.2"
"6400","2008-2009",67.4,14.4,2.8,14.9,0.6,0,0,"75.9"
"6400","2009-2010",63.8,13,2.7,14.6,5.9,0,0,"83.1"
"6400","2010-2011",58.7,13.4,2.8,15.1,10.1,0,0,"83.4"
"6400","2011-2012",54.7,14.5,2.9,15.1,12.8,0,0,"84.4"
"6400","2012-2013",50.6,12.5,3.4,14.2,18.8,0,0.6,"88.7"
"6410","2008-2009",47.7,45.1,1,4.1,2.1,0,0,"59"
"6410","2009-2010",45.1,45.1,1.2,4.1,4.6,0,0,"57.6"
"6410","2010-2011",40.8,46.2,1.9,4.4,6.8,0,0,"61.3"
"6410","2011-2012",43,45.2,1.4,2.7,7.6,0,0,"61.4"
"6410","2012-2013",39.3,47.9,1,3.1,8.8,0,0,"73.5"
"6430","2008-2009",99,0,0,0.5,0.5,0,0,"89.4"
"6430","2009-2010",97.9,0.2,0.2,0.5,1.2,0,0,"94.5"
"6430","2010-2011",95.8,0.3,0.3,1.6,2.1,0,0,"94.2"
"6430","2011-2012",96.4,0.7,0,1.2,1.7,0,0,"94.9"
"6430","2012-2013",96.3,0.4,0,1.3,2,0,0,"94.4"
"6440","2008-2009",97,1.4,0,1.1,0.6,0,0,"73.7"
"6440","2009-2010",95.9,1.3,0.3,1.3,1.3,0,0,"61.2"
"6440","2010-2011",92.8,1.7,0.5,1,4.1,0,0,"75.3"
"6440","2011-2012",91.3,1.7,0,2.2,4.7,0,0,"75.2"
"6440","2012-2013",91.5,1.4,0,1.6,5.2,0,0.2,"82.9"
"6450","2008-2009",47.5,47.1,1.1,1.5,2.7,0,0,"51.5"
"6450","2009-2010",43.8,50.9,0.4,1.9,3,0,0,"51.3"
"6450","2010-2011",41.9,51,0.4,2.4,4.3,0,0,"60.8"
"6450","2011-2012",42,48.6,1.2,3.5,4.7,0,0,"58.7"
"6450","2012-2013",37.1,48.8,1.1,3.9,9.2,0,0,"72.9"
"6460","2008-2009",97.8,0.4,0,1.3,0.4,0,0,"50.9"
"6460","2009-2010",95.7,1.9,0,1.9,0.5,0,0,"50.8"
"6460","2010-2011",93,3.7,0,2.8,0.5,0,0,"58"
"6460","2011-2012",91.5,2.2,1.3,2.7,2.2,0,0,"59.3"
"6460","2012-2013",91.7,1.7,2.5,3.3,0.8,0,0,"62.1"
"6470","2008-2009",96.4,0.7,0.2,1.7,1,0,0,"86.8"
"6470","2009-2010",96.1,0.4,0.3,0.9,2.2,0,0,"89.7"
"6470","2010-2011",95,0.8,0.4,1.1,2.7,0,0,"89.6"
"6470","2011-2012",92.8,1.4,0.3,1.8,3.6,0,0,"90.4"
"6470","2012-2013",90.7,1.4,0.4,2,5.1,0,0.4,"94.0"
"6480","2008-2009",92.9,2.1,0,4.6,0.4,0,0,"60.5"
"6480","2009-2010",93.3,1.3,0,5,0.4,0,0,"60"
"6480","2010-2011",94.3,2,0,3.3,0.4,0,0,"60.4"
"6480","2011-2012",93.8,2.4,0.5,2.4,1,0,0,"60.2"
"6480","2012-2013",90,5.9,1.5,1.1,1.5,0,0,"73.9"
"6540","2008-2009",99.3,0,0,0.3,0.3,0,0,"51.1"
"6540","2009-2010",97.3,1,0,1,0.7,0,0,"51.2"
"6540","2010-2011",95.6,1.5,0.4,1.8,0.7,0,0,"59.5"
"6540","2011-2012",93.6,2.1,0,3.5,0.7,0,0,"61.4"
"6540","2012-2013",94.1,0.9,0.3,3.1,1.6,0,0,"74.7"
"7010","2008-2009",61.6,10.4,1.5,25.5,1,0,0,"82.9"
"7010","2009-2010",62,8.1,1.6,27.1,1.3,0,0,"82.9"
"7010","2010-2011",58.2,8.3,1.5,30.7,1.2,0,0,"84.2"
"7010","2011-2012",56.8,8.2,1.2,32.4,1.3,0,0,"85.2"
"7010","2012-2013",54.2,8.3,1.5,34.2,1.7,0.1,0.1,"89.8"
"7100","2008-2009",87,1,4.3,6.1,1.6,0,0,"84.8"
"7100","2009-2010",88.1,0.9,3.7,5.1,2.2,0,0,"88.5"
"7100","2010-2011",89.6,0.4,2.2,6.4,1.3,0,0,"89.2"
"7100","2011-2012",90.5,0.7,1.1,5,2.7,0,0,"89.4"
"7100","2012-2013",85.7,0.5,1.7,8.4,3.5,0,0.2,"94.4"
"7110","2008-2009",58,14.3,1,24.9,1.8,0,0,"85.3"
"7110","2009-2010",58.1,14.8,1.1,23.7,2.5,0,0,"89.6"
"7110","2010-2011",56.1,13.4,1,27,2.6,0,0,"90.2"
"7110","2011-2012",54.9,12.6,0.4,29.2,2.9,0,0,"93.6"
"7110","2012-2013",51.2,16.8,0.7,29,2.4,0,0,"94.8"
"7120","2008-2009",69.4,2.7,10.1,17.4,0.4,0,0,"72.8"
"7120","2009-2010",70.5,2.1,9,17.7,0.8,0,0,"73.2"
"7120","2010-2011",67.3,2.3,9.6,19.3,1.5,0,0,"73.9"
"7120","2011-2012",64.2,2.5,10.2,21.4,1.7,0,0,"75.5"
"7120","2012-2013",64.6,2.8,9.1,22,1.4,0,0.1,"83.3"
"7130","2008-2009",96.6,0.7,0.2,2,0.5,0,0,"75.2"
"7130","2009-2010",98.2,0.5,0,1.1,0.2,0,0,"75.4"
"7130","2010-2011",97.1,0.9,0,1.4,0.5,0,0,"76.4"
"7130","2011-2012",96.7,0.7,0,1.5,1.1,0,0,"84.5"
"7130","2012-2013",97,0.6,0,1.5,0.9,0,0,"85.0"
"7150","2008-2009",18.6,5.4,7.9,64.6,3.5,0,0,"84.5"
"7150","2009-2010",17,5.2,7.9,65.5,4.3,0,0,"84"
"7150","2010-2011",18.6,4.3,8.5,62.5,6.2,0,0,"85.2"
"7150","2011-2012",16.5,3.7,8.1,64.3,7.4,0,0,"89.5"
"7150","2012-2013",14.8,4,9.3,64,7.9,0,0,"90.0"
"7200","2008-2009",25.4,2,6,59.5,7.2,0,0,"85.1"
"7200","2009-2010",26.2,1.9,7,58.4,6.4,0,0,"89.6"
"7200","2010-2011",23.5,3.5,6.7,58.7,7.5,0,0,"89.6"
"7200","2011-2012",23.1,3,6.6,60.2,7.2,0,0,"89.5"
"7200","2012-2013",22.9,3.2,5.3,59.7,8.7,0,0.1,"94.0"
"7220","2008-2009",59.5,5.5,6.7,24.6,3.7,0,0,"76"
"7220","2009-2010",59.7,5.2,6.4,24.4,4.2,0,0,"76.2"
"7220","2010-2011",60.9,5,5.6,22.8,5.6,0,0,"83.6"
"7220","2011-2012",58.2,5.2,5.6,25.4,5.6,0,0,"83.9"
"7220","2012-2013",56.8,5.4,5.8,25.5,6,0.1,0.4,"89.2"
"7260","2008-2009",94.8,1.2,0,2.1,1.9,0,0,"72.9"
"7260","2009-2010",94.6,1,0,1.7,2.7,0,0,"73.9"
"7260","2010-2011",95.4,1,0,0.7,2.9,0,0,"83.3"
"7260","2011-2012",96,0.9,0.3,0,2.9,0,0,"84.1"
"7260","2012-2013",93.5,1.5,0.3,1.2,3.3,0,0.3,"85.4"
"7270","2008-2009",79.6,1,9.7,8,1.6,0,0,"73.7"
"7270","2009-2010",78.6,0.8,10.2,8.6,1.7,0,0,"74.2"
"7270","2010-2011",76.2,0.6,11.8,9.3,2.2,0,0,"73.8"
"7270","2011-2012",73.7,1,11.4,10.4,3.6,0,0,"75.4"
"7270","2012-2013",69.8,0.7,11.4,12.5,5.6,0,0.1,"83.9"
"7280","2008-2009",67.1,3.8,3.8,20.9,4.4,0,0,"72.6"
"7280","2009-2010",65.8,3.7,4.2,20.5,5.9,0,0,"72.5"
"7280","2010-2011",60.8,3.7,4.6,24.3,6.6,0,0,"74.3"
"7280","2011-2012",61.5,3.3,4.6,23.3,7.2,0,0,"83.2"
"7280","2012-2013",60.8,2.7,5.2,23.6,7.7,0,0,"84.3"
"7290","2008-2009",62.2,3.6,0.5,31,2.7,0,0,"89"
"7290","2009-2010",54.9,7.2,0.2,33.9,3.7,0,0,"93.5"
"7290","2010-2011",54.7,5.8,0.4,34.5,4.5,0,0,"94.4"
"7290","2011-2012",53.2,6.9,0.7,33.6,5.6,0,0,"93.7"
"7290","2012-2013",49.4,6.4,0.2,36.6,6.6,0,0.7,"95.6"
"7300","2008-2009",26.8,4.5,3.5,62.8,2.4,0,0,"85.4"
"7300","2009-2010",25.8,5.2,4.5,60.8,3.7,0,0,"89.7"
"7300","2010-2011",24.7,5.4,4.1,61.1,4.7,0,0,"89.7"
"7300","2011-2012",25,4.8,4.1,61.7,4.4,0,0,"90.5"
"7300","2012-2013",24.4,3.7,3.8,61.3,6.7,0,0,"90.1"
"7310","2008-2009",29.2,4,7.9,54.8,4.1,0,0,"84"
"7310","2009-2010",28.6,2.3,6.2,58.7,4.2,0,0,"84.8"
"7310","2010-2011",25.4,1.8,6.3,60.8,5.7,0,0,"90.4"
"7310","2011-2012",24.6,1.9,5.1,62.1,6.3,0,0,"90.7"
"7310","2012-2013",22.7,1.6,7,63.5,5.1,0,0,"90.2"
"7320","2008-2009",96.9,0.7,0,1.7,0.7,0,0,"85"
"7320","2009-2010",95.7,0.3,0,1.6,2.3,0,0,"85.1"
"7320","2010-2011",94.8,0,0.3,1.3,3.6,0,0,"83.7"
"7320","2011-2012",91,0,0.7,2.8,5.5,0,0,"88.6"
"7320","2012-2013",90,0,0.4,1.8,7.5,0,0.4,"85.9"
"7330","2008-2009",31.6,39.4,3.5,20.3,5.2,0,0,"83.6"
"7330","2009-2010",32.6,35.6,3.5,21.8,6.6,0,0,"83.1"
"7330","2010-2011",32.8,33.9,4.3,22.3,6.7,0,0,"83"
"7330","2011-2012",31.6,31.9,4.6,25.2,6.7,0,0,"85.3"
"7330","2012-2013",34.1,26.5,3.6,26.4,9,0.1,0.2,"85.3"
"7350","2008-2009",66.3,2.1,15.7,12.9,3,0,0,"76.3"
"7350","2009-2010",60.5,1.4,19.3,14.4,4.4,0,0,"75.9"
"7350","2010-2011",60.6,1.3,19,14.1,5,0,0,"76"
"7350","2011-2012",59.3,1.7,18.7,13.9,6.4,0,0,"83.7"
"7350","2012-2013",57.1,1.8,18.5,15.2,7.4,0,0,"89.6"
"7360","2008-2009",60.3,9.4,0.2,27,3.1,0,0,"85.9"
"7360","2009-2010",55.8,8.7,0.3,30.3,4.9,0,0,"88.7"
"7360","2010-2011",57.2,8.4,0.3,27.1,7.1,0,0,"90.6"
"7360","2011-2012",54,8.1,0,30.1,7.8,0,0,"93.4"
"7360","2012-2013",54.9,7.3,0,30.1,7.5,0,0.3,"94.4"
"7370","2008-2009",67.4,2.3,15.3,14,1,0,0,"73.8"
"7370","2009-2010",68.2,2.2,14.2,13.7,1.6,0,0,"74.9"
"7370","2010-2011",69.4,2.4,13.2,13.1,1.9,0,0,"74.8"
"7370","2011-2012",68.7,1.1,14.5,13.5,2.2,0,0,"83.9"
"7370","2012-2013",67.9,1.7,15.3,12.8,2.1,0,0.2,"84.7"
"7380","2008-2009",38.4,0.8,0,59.9,0.8,0,0,"88"
"7380","2009-2010",34.4,0.8,0,62.7,2.1,0,0,"93.9"
"7380","2010-2011",33,0.4,0,63.3,3.3,0,0,"94.6"
"7380","2011-2012",34.9,0.6,0,61.1,3.3,0,0,"94.2"
"7380","2012-2013",33.1,0.7,0.2,60.3,5.5,0,0.2,"94.0"
"7390","2008-2009",61.4,0.8,6.3,30.4,1.2,0,0,"85.1"
"7390","2009-2010",63.2,0.9,6,28,1.9,0,0,"88.6"
"7390","2010-2011",58.9,0.8,7.8,30.8,1.7,0,0,"88.6"
"7390","2011-2012",60.4,0.9,8.1,28.2,2.4,0,0,"89.6"
"7390","2012-2013",59.5,1.1,8.5,27.1,3.9,0,0,"93.6"
"7400","2008-2009",50.4,1.4,17.3,28.3,2.6,0,0,"82.9"
"7400","2009-2010",52.3,1.3,14.9,27.5,4,0,0,"83"
"7400","2010-2011",52.5,1.5,15.2,26.5,4.3,0,0,"83.3"
"7400","2011-2012",51.1,1.4,15.9,26.5,5.1,0,0,"85.4"
"7400","2012-2013",48.7,1.3,15.8,28.6,5.5,0,0.1,"85.2"
"7430","2008-2009",42.6,23.3,1.3,26.4,6.4,0,0,"85.7"
"7430","2009-2010",39.8,22.5,1.2,30.4,6.1,0,0,"90.4"
"7430","2010-2011",43,20.1,1.3,27.2,8.5,0,0,"89.9"
"7430","2011-2012",41.3,18,1.4,29.7,9.7,0,0,"89.6"
"7430","2012-2013",45.7,15.4,1.2,26.3,10.8,0,0.6,"93.8"
"7440","2008-2009",20,0.8,0.5,78.4,0.3,0,0,"87.6"
"7440","2009-2010",20.1,0.2,0.4,77.9,1.5,0,0,"90.2"
"7440","2010-2011",19.1,0.3,0.2,78.8,1.5,0,0,"93.5"
"7440","2011-2012",19.1,0.4,1.2,76.1,3.2,0,0,"93.8"
"7440","2012-2013",18.3,0.9,0.7,76.3,3.8,0,0,"94.3"
"7460","2008-2009",53.5,12.6,6.3,25.8,1.9,0,0,"74.6"
"7460","2009-2010",52.5,12.3,6.6,25.5,3.1,0,0,"73.7"
"7460","2010-2011",51.1,9.6,6.9,28.7,3.7,0,0,"82.9"
"7460","2011-2012",54,7.7,5.6,28.3,4.3,0,0,"84.6"
"7460","2012-2013",54.6,8.1,4.6,28.7,4,0,0,"88.6"
"7470","2008-2009",1.1,91.2,0.7,5.2,1.8,0,0,"61.7"
"7470","2009-2010",1.2,91.7,0.9,4.2,1.9,0,0,"60.4"
"7470","2010-2011",0.9,89.1,1.6,5.6,2.9,0,0,"73.1"
"7470","2011-2012",1.2,89.3,2.1,3.6,3.8,0,0,"73.8"
"7470","2012-2013",1.3,87.2,2.3,4.8,4.5,0,0,"72.9"
"7490","2008-2009",97.8,0.9,0,0.7,0.7,0,0,"82.7"
"7490","2009-2010",97,0.7,0,0.9,1.4,0,0,"82.8"
"7490","2010-2011",96.7,0.5,0,0.5,2.4,0,0,"83.5"
"7490","2011-2012",94.4,0.2,0.2,0.5,4.6,0,0,"83.5"
"7490","2012-2013",91.7,0.8,0.3,0.8,6.5,0,0,"85.4"
"7500","2008-2009",29.5,3.8,7.6,56.8,2.4,0,0,"84.9"
"7500","2009-2010",27.6,4.1,7.4,58.4,2.5,0,0,"88.6"
"7500","2010-2011",26.1,3.7,8.1,58.2,4,0,0,"90.3"
"7500","2011-2012",25.3,2.5,7.7,60.1,4.5,0,0,"90.3"
"7500","2012-2013",25.7,1.3,6.4,62.3,4.1,0,0.2,"89.9"
"7510","2008-2009",78.1,0.6,0.3,20.1,0.9,0,0,"88.3"
"7510","2009-2010",78.6,0.2,0.5,18.9,1.8,0,0,"93.7"
"7510","2010-2011",76.8,0.5,0.3,21.2,1.3,0,0,"94"
"7510","2011-2012",75.6,0.3,0.5,21.5,2.2,0,0,"94.3"
"7510","2012-2013",74.4,0.1,0.3,22.3,2.7,0.1,0,"94.8"
"7530","2008-2009",97.7,0.2,0,2.1,0,0,0,"83.2"
"7530","2009-2010",93.8,3.8,0,2,0.4,0,0,"83.9"
"7530","2010-2011",95,2.6,0,1.5,0.9,0,0,"82.8"
"7530","2011-2012",94,2.6,0,1.7,1.7,0,0,"85.1"
"7530","2012-2013",93.8,2.5,0,1.3,2.2,0,0.2,"89.2"
"7730","2008-2009",32.6,1.6,0.1,65.4,0.3,0,0,"86.2"
"7730","2009-2010",32.3,1.6,0.3,65.6,0.3,0,0,"93.4"
"7730","2010-2011",30.8,1.1,0.4,67.3,0.3,0,0,"94.5"
"7730","2011-2012",29.5,0.9,0.5,68.8,0.3,0,0,"94.5"
"7730","2012-2013",30.7,1.8,0.2,66.8,0.5,0,0,"95.1"
"8010","2008-2009",46.3,29.9,5.3,17.8,0.7,0,0,"61.2"
"8010","2009-2010",40.9,33.5,5.6,18.7,1.2,0,0,"61.5"
"8010","2010-2011",39,33.9,5.3,19.7,2,0,0,"73.6"
"8010","2011-2012",38.5,33.4,5.1,21,2.1,0,0,"74.7"
"8010","2012-2013",37.2,33.9,5,21.1,2.6,0,0.2,"76.2"
"8020","2008-2009",36.1,27.3,20.5,14.6,1.5,0,0,"50.4"
"8020","2009-2010",35.4,26,20.8,15.8,2.1,0,0,"50.4"
"8020","2010-2011",35.1,23.7,22.1,16.8,2.3,0,0,"58.3"
"8020","2011-2012",34,21.8,22.8,17.9,3.5,0,0,"60.7"
"8020","2012-2013",33.1,20.9,22.4,19.3,4.1,0,0.1,"61.6"
"8030","2008-2009",34.2,41.8,11.9,11.8,0.3,0,0,"50.7"
"8030","2009-2010",33.9,40.5,12.6,12.9,0.1,0,0,"50.6"
"8030","2010-2011",29.9,42.6,15,12.1,0.4,0,0,"57.7"
"8030","2011-2012",28,41.7,16.5,12.9,0.8,0,0,"58.4"
"8030","2012-2013",27.1,44.7,14.8,11.6,1.5,0,0.2,"61.2"
"8040","2008-2009",30.6,47.9,7.4,13.2,0.8,0,0,
"8040","2009-2010",26.6,52.8,4.4,15.1,1.2,0,0,"50.9"
"8040","2010-2011",27.4,51.7,4.7,13.2,2.9,0,0,"51"
"8040","2011-2012",26,52.8,3.9,14.8,2.6,0,0,"50.6"
"8040","2012-2013",22.9,55.2,4.1,14,3.6,0,0.2,"51.9"
"8090","2008-2009",31.5,46.2,4,17.9,0.4,0,0,"57.2"
"8090","2009-2010",32.2,42.9,4.9,19.6,0.4,0,0,"57.5"
"8090","2010-2011",28.8,43.3,5.2,21.7,1,0,0,"58.6"
"8090","2011-2012",29,41.2,5.9,22.1,1.8,0,0,"60.6"
"8090","2012-2013",31.1,36.7,6.8,23.5,1.9,0,0,"72.9"
"8120","2008-2009",34.3,24.1,21.1,18.3,2.1,0,0,"57.1"
"8120","2009-2010",35.4,20.9,20.5,20.4,2.9,0,0,"57.2"
"8120","2010-2011",35.1,19.5,18,22.3,5.1,0,0,"61.8"
"8120","2011-2012",34.2,19.4,17.7,22.3,6.4,0,0,"73.7"
"8120","2012-2013",33.6,19.7,18.8,20.9,7,0,0.1,"74.7"
"8140","2008-2009",36.2,43.2,5.3,13.4,2,0,0,"73.3"
"8140","2009-2010",33.3,45.9,3.7,15.2,1.9,0,0,"62.1"
"8140","2010-2011",29,48.1,3.5,17,2.4,0,0,"74.9"
"8140","2011-2012",29.3,44.6,5.9,17.1,3.1,0,0,"75.6"
"8140","2012-2013",31.2,38.7,7.1,18.4,4.6,0,0,"84.0"
"8160","2008-2009",17.7,52.5,18.3,8.7,2.7,0,0,"50.1"
"8160","2009-2010",17,53.6,16.3,9.8,3.3,0,0,"49.7"
"8160","2010-2011",17.1,53,17.5,9.2,3.2,0,0,"50.9"
"8160","2011-2012",18.6,53.1,16.9,8.8,2.6,0,0,"57.4"
"8160","2012-2013",17.9,50.3,18.2,10.3,3.3,0.1,0,"51.2"
"8180","2008-2009",16.9,66.9,4.8,7.3,4.2,0,0,"47.5"
"8180","2009-2010",15.5,67.8,3.2,7.8,5.6,0,0,"47.8"
"8180","2010-2011",11.5,67.8,3.5,8.4,8.8,0,0,"50.3"
"8180","2011-2012",9.3,64.6,3.4,10.7,12.1,0,0,"57.9"
"8180","2012-2013",8.5,66.7,2.6,9.3,12.4,0,0.4,"59.3"
"8200","2008-2009",33.3,33,10.3,19.7,3.7,0,0,"75.1"
"8200","2009-2010",31.9,28.4,11.9,22.2,5.6,0,0,"74.8"
"8200","2010-2011",34,26.3,12.5,21,6.3,0,0,"76.1"
"8200","2011-2012",34.9,23.8,12.7,21.8,6.8,0,0,"84.3"
"8200","2012-2013",34.2,20.7,14.3,21.5,8.8,0.1,0.2,"89.0"
"8210","2008-2009",28.2,50.5,4,12.1,5.2,0,0,"72.5"
"8210","2009-2010",26.1,52.2,3.5,12.1,6.1,0,0,"74"
"8210","2010-2011",24.7,49.1,4.2,13.1,8.9,0,0,"76.4"
"8210","2011-2012",24.6,47.6,3.1,15.9,8.9,0,0,"82.9"
"8210","2012-2013",24.6,44.1,3.6,16.3,11,0,0.4,"76.3"
"8230","2008-2009",24.2,46.3,6.2,17.7,5.6,0,0,"57.6"
"8230","2009-2010",22.9,42.2,7,20.1,7.8,0,0,"57.1"
"8230","2010-2011",20.9,39.7,8.8,19.3,11.3,0,0,"73"
"8230","2011-2012",21.8,38.7,9.7,17.1,12.6,0,0,"74.7"
"8230","2012-2013",24.5,36.9,8.8,17.6,12.1,0,0,"62.1"
"8240","2008-2009",28.6,41.1,2.6,23,4.7,0,0,"83.4"
"8240","2009-2010",31.7,37,2.9,23,5.3,0,0,"76.3"
"8240","2010-2011",30.1,36.5,2.7,23.3,7.4,0,0,"84.1"
"8240","2011-2012",30.3,34.5,2.8,23,9.5,0,0,"85.1"
"8240","2012-2013",30.4,31,2.4,26.6,9.4,0,0.3,"88.7"
"8250","2008-2009",23.1,51.7,3.3,16.5,5.3,0,0,"74"
"8250","2009-2010",25.8,48.1,3.9,15.5,6.7,0,0,"75.4"
"8250","2010-2011",25.9,45.1,3.8,16.3,8.8,0,0,"76"
"8250","2011-2012",27.4,41.4,2.9,17.8,10.5,0,0,"83.8"
"8250","2012-2013",28.7,38.9,3.1,18.2,10.8,0,0.3,"88.8"
"8260","2008-2009",22,51.1,12.2,9.5,5.2,0,0,"51.7"
"8260","2009-2010",22.8,51.9,10.5,10.2,4.6,0,0,"50.9"
"8260","2010-2011",23.6,51.3,9.2,10.9,4.9,0,0,"57.8"
"8260","2011-2012",21.5,54.7,8.9,8.7,6.2,0,0,"57.6"
"8260","2012-2013",24,48.9,8.1,10.3,8.7,0,0,"60.2"
"8270","2008-2009",42.9,32,5.6,14.5,5,0,0,"84.1"
"8270","2009-2010",35.4,36.5,6.7,14.1,7.2,0,0,"82.7"
"8270","2010-2011",24,40.6,8.9,15.4,11.1,0,0,"74.7"
"8270","2011-2012",26.2,41.3,8.5,13,11.1,0,0,"73.7"
"8270","2012-2013",24.2,44.8,7.3,11.5,11.5,0,0.6,"74.1"
"8300","2008-2009",11.1,61.3,12.2,11.9,3.5,0,0,"57.1"
"8300","2009-2010",11.6,58.2,14.1,11.8,4.2,0,0,"58.3"
"8300","2010-2011",12.1,54.5,16.2,12.8,4.3,0,0,"60.3"
"8300","2011-2012",12.1,53.1,14.5,13.9,6.5,0,0,"62.3"
"8300","2012-2013",14.3,48.9,15.4,13.9,7.4,0,0.1,"61.4"
"8310","2008-2009",35.4,19.9,17.7,18.4,8.6,0,0,"59.3"
"8310","2009-2010",36.1,18.6,17.5,18.5,9.4,0,0,"59.3"
"8310","2010-2011",37.5,16.6,17.1,18.1,10.6,0,0,"61.8"
"8310","2011-2012",36.3,14.8,18.1,20,10.8,0,0,"73.7"
"8310","2012-2013",36,14.9,17.5,20,11.2,0,0.4,"74.9"
"8320","2008-2009",45.9,37.6,3.3,12,1.2,0,0,"58.6"
"8320","2009-2010",37.2,45.2,5.3,10.1,2.1,0,0,"59.7"
"8320","2010-2011",28.5,55.2,4.8,7.9,3.6,0,0,"61.2"
"8320","2011-2012",18.5,67.2,3.7,6.9,3.7,0,0,"61"
"8320","2012-2013",18.2,68.7,2.5,5.6,4.5,0,0.5,"60.4"
"8340","2008-2009",30,19,24.3,21.2,5.6,0,0,"59.9"
"8340","2009-2010",28.5,17.7,23.6,23.1,7.1,0,0,"60"
"8340","2010-2011",30.6,15.2,24.2,22.3,7.6,0,0,"73.4"
"8340","2011-2012",30.4,15.2,23.1,22.3,9,0,0,"75.2"
"8340","2012-2013",26.2,15.1,23,25.5,10.2,0,0.1,"74.9"
"8350","2008-2009",44.8,15.6,17.5,20.3,1.8,0,0,"61.5"
"8350","2009-2010",43.2,15.1,16.6,22.3,2.8,0,0,"73"
"8350","2010-2011",42,13.3,17.9,23,3.8,0,0,"76.4"
"8350","2011-2012",40.7,12.3,16.7,23.4,6.9,0,0,"84.3"
"8350","2012-2013",41.1,11.1,16,23.9,7.7,0,0.1,"84.0"
"8360","2008-2009",23.4,34.1,17.2,17.2,8.2,0,0,"58.3"
"8360","2009-2010",22.7,30.6,19.6,16.9,10.3,0,0,"59.7"
"8360","2010-2011",19.6,27.7,19.8,18.6,14.3,0,0,"61.7"
"8360","2011-2012",20,27.7,20.2,17.5,14.7,0,0,"73.9"
"8360","2012-2013",20.7,26.4,22.2,17,13.5,0,0.2,"76.4"
"8370","2008-2009",12.8,65.1,13.5,8.7,0,0,0,"48.6"
"8370","2009-2010",13.4,66.3,8.6,8.8,2.9,0,0,"46.2"
"8370","2010-2011",13.5,64.1,9.5,7.2,5.6,0,0,"50.1"
"8370","2011-2012",13.2,61.5,10,8,7.4,0,0,"51.7"
"8370","2012-2013",12.2,60,10.4,8.8,7.8,0,0.8,"51.1"
"8380","2008-2009",14.7,54,13.4,12.4,5.5,0,0,"50.9"
"8380","2009-2010",14.4,51.1,12.9,13.9,7.6,0,0,"50.9"
"8380","2010-2011",14.2,47.5,13.4,14.1,10.9,0,0,"58.5"
"8380","2011-2012",16,43.8,12.9,14.8,12.5,0,0,"61.2"
"8380","2012-2013",16.8,41.3,13.2,15,13.5,0.1,0.1,"58.9"
"8390","2008-2009",21.6,59.3,6,10.7,2.4,0,0,"50.9"
"8390","2009-2010",18.4,63.2,5.4,9.3,3.7,0,0,"50.9"
"8390","2010-2011",18.3,63.9,3.8,9.1,5,0,0,"57.1"
"8390","2011-2012",17.3,64.6,3.8,9.1,5.3,0,0,"59.5"
"8390","2012-2013",15.5,61.7,4.2,11.6,6.7,0,0.3,"60.2"
"8400","2008-2009",12.5,52,21.7,7.4,6.5,0,0,"48.4"
"8400","2009-2010",12.4,49.3,22.8,8.4,7.1,0,0,"47.6"
"8400","2010-2011",12.8,49.1,22.6,8.1,7.4,0,0,"49.3"
"8400","2011-2012",13.9,47.7,21.9,7.8,8.6,0,0,"57.1"
"8400","2012-2013",14.8,44,23,8.6,9.3,0,0.3,"50.8"
"8410","2008-2009",33,35.7,14.1,11.2,5.9,0,0,"50.3"
"8410","2009-2010",32.7,34.3,15.3,9.7,8,0,0,"51.5"
"8410","2010-2011",31.7,32.3,16.5,11,8.5,0,0,"59.3"
"8410","2011-2012",34.5,30.4,16.7,10,8.4,0,0,"59.9"
"8410","2012-2013",36,28.6,15,11,9.1,0,0.4,"60.7"
"8420","2008-2009",12.3,64.9,7,13,2.9,0,0,"47.5"
"8420","2009-2010",12.5,65.5,6.3,11.5,4.2,0,0,"47.2"
"8420","2010-2011",12.6,65.2,6.4,11,4.8,0,0,"51.2"
"8420","2011-2012",13.1,64.6,5.7,9.7,6.8,0,0,"58.9"
"8420","2012-2013",14,61.9,5.7,10.4,7.8,0,0.2,"59.4"
"8430","2008-2009",8.9,57.1,27.6,5.2,1.2,0,0,"43.2"
"8430","2009-2010",9.5,55.8,27.4,5.4,1.9,0,0,"43.1"
"8430","2010-2011",9.8,56.3,25.8,5.9,2.3,0,0,"44.4"
"8430","2011-2012",9.9,58.5,24,5.1,2.5,0,0,"45.4"
"8430","2012-2013",12.9,53.9,22.5,5.6,4.8,0.1,0.1,"46.4"
"8440","2008-2009",12.2,58.1,19.7,7.1,2.9,0,0,"50.5"
"8440","2009-2010",11.1,56.7,20.8,6.7,4.7,0,0,"49.4"
"8440","2010-2011",10.7,57.6,20.3,5.5,5.9,0,0,"58.4"
"8440","2011-2012",10.1,55.4,20.6,7.2,6.7,0,0,"60.6"
"8440","2012-2013",8.6,54.5,20.6,7.2,8.6,0.1,0.5,"51.9"
