SCHOOL_CODE,SCHOOL_YEAR,SCH_ATTENDANCE,SCH_ENROLLMENT,SCH_STUDENT_ENTERED,SCH_STUDENT_WITHDREW
"4560","2010-2011",91.6,313,57,53
"4030","2010-2011",94.7,704,3,21
"2420","2010-2011",92.5,368,47,77
"2210","2010-2011",93.6,375,26,37
"4150","2010-2011",83.6,500,86,129
"1080","2010-2011",80.6,656,131,180
"7130","2010-2011",92,562,57,70
"6430","2010-2011",92.5,389,90,71
"6330","2010-2011",89.5,602,113,187
"6310","2010-2011",94.8,386,37,43
"6240","2010-2011",92.1,349,71,57
"7260","2010-2011",94.6,408,39,33
"6230","2010-2011",95.1,333,9,37
"6110","2010-2011",89.9,362,73,87
"6100","2010-2011",92,313,30,43
"7530","2010-2011",94.2,463,41,53
"6440","2010-2011",94.5,417,39,32
"6220","2010-2011",92.2,600,101,85
"7490","2010-2011",93.4,427,45,42
"7320","2010-2011",92.7,317,44,60
"6470","2010-2011",91.4,850,136,147
"6400","2010-2011",86.8,179,12,4
"6460","2010-2011",95.1,214,6,9
"6260","2010-2011",93.2,476,37,41
"2510","2010-2011",94.6,340,28,24
"2470","2010-2011",94.7,506,20,17
"8090","2010-2011",91.4,794,9,29
"6060","2010-2011",80.8,1049,180,384
"6020","2010-2011",78.2,943,210,370
"4060","2010-2011",86.6,808,4,92
"7120","2010-2011",80.8,1548,246,377
"4140","2010-2011",79.6,426,63,125
"4020","2010-2011",78.6,1500,254,397
"1100","2010-2011",76.2,615,127,138
"7010","2010-2011",75,1793,268,449
"5060","2010-2011",88.4,960,9,81
"1060","2010-2011",84.8,420,27,60
"6030","2010-2011",83.7,652,54,142
"5020","2010-2011",77,1671,374,552
"2160","2010-2011",85.8,575,114,91
"1020","2010-2011",76.1,832,190,334
"1010","2010-2011",82.5,1127,205,250
"8030","2010-2011",87.6,2035,194,216
"5510","2010-2011",74.7,507,113,196
"2130","2010-2011",82.1,339,104,101
"2000","2010-2011",77.8,843,238,309
"8010","2010-2011",82,1794,281,474
"2010","2010-2011",82.9,642,124,198
"2440","2010-2011",90.1,421,78,62
"2340","2010-2011",96.7,571,59,53
"2200","2010-2011",91.2,548,116,84
"2690","2010-2011",93,460,70,63
"2480","2010-2011",93.3,199,29,26
"2450","2010-2011",92.3,226,24,20
"2320","2010-2011",93.2,605,81,102
"2240","2010-2011",92.4,393,32,52
"2090","2010-2011",85.6,1010,7,132
"5470","2010-2011",92.4,674,112,97
"5420","2010-2011",93.3,596,71,57
"5200","2010-2011",93.6,424,32,37
"7440","2010-2011",91.8,583,80,100
"5410","2010-2011",93.1,284,55,51
"5390","2010-2011",90.7,414,59,86
"5230","2010-2011",94.5,794,1,30
"5210","2010-2011",92.1,469,95,56
"7390","2010-2011",91.9,725,101,107
"7290","2008-2009",90.2,413,68,70
"5300","2008-2009",91.7,440,45,51
"1190","2008-2009",94.1,217,9,13
"6410","2008-2009",95.2,386,32,39
"7100","2010-2011",93.4,462,101,96
"6390","2010-2011",92.1,561,105,87
"6050","2010-2011",91.8,1094,10,60
"5500","2010-2011",93.9,718,93,68
"7270","2010-2011",94.1,861,64,83
"7370","2010-2011",93.9,758,62,55
"7310","2010-2011",93.3,669,87,73
"7500","2010-2011",91.5,683,82,98
"7400","2010-2011",94.6,789,97,95
"7200","2010-2011",92.5,712,126,87
"4310","2010-2011",90.7,354,58,67
"8300","2008-2009",92.9,913,81,62
"5370","2008-2009",94.7,413,35,44
"1430","2008-2009",92.2,268,28,40
"6110","2008-2009",88,386,122,120
"4330","2008-2009",82.2,321,50,69
"8200","2008-2009",92.5,943,104,102
"4380","2008-2009",91.5,385,76,59
"8030","2008-2009",86.1,2082,234,287
"6470","2008-2009",92.2,885,169,172
"5490","2008-2009",91.4,453,84,89
"2590","2008-2009",93.2,234,17,12
"2210","2008-2009",92.5,416,27,31
"6450","2008-2009",94.8,263,9,12
"4270","2008-2009",93.8,267,50,27
"2140","2008-2009",96.7,1212,1,7
"7330","2008-2009",91.7,715,96,72
"7270","2008-2009",92.5,873,87,84
"6070","2008-2009",91.4,311,2,25
"1470","2008-2009",91.2,428,136,109
"4280","2008-2009",92.8,370,27,33
"5440","2008-2009",91.9,721,154,135
"1280","2008-2009",95.6,527,27,44
"2320","2008-2009",91.5,585,78,67
"6390","2008-2009",92.9,498,99,91
"8160","2008-2009",93.2,1303,78,131
"6300","2008-2009",91.9,436,60,55
"7110","2008-2009",86.5,884,174,216
"5200","2008-2009",93.7,415,42,26
"7320","2008-2009",93,288,47,61
"7510","2010-2011",92.2,639,85,83
"7350","2010-2011",93.5,982,129,99
"8250","2010-2011",93.4,1128,124,123
"5650","2010-2011",91.9,226,47,35
"5400","2010-2011",92.2,695,61,88
"7110","2010-2011",90,829,136,212
"5440","2010-2011",92.2,772,165,111
"5520","2010-2011",81.5,519,458,133
"5430","2010-2011",92.2,393,9,15
"8200","2010-2011",91.9,912,119,108
"7470","2010-2011",93.3,451,19,25
"7290","2010-2011",90.8,470,118,92
"8240","2010-2011",91.5,826,135,127
"7150","2010-2011",93.4,1088,90,80
"8300","2010-2011",94.1,991,96,82
"7330","2010-2011",92.3,853,86,97
"5600","2010-2011",87.8,81,21,39
"5590","2010-2011",91.9,937,182,189
"5550","2010-2011",76.8,506,76,150
"5530","2010-2011",89.7,766,176,158
"5240","2010-2011",81.6,268,33,60
"7360","2010-2011",91.1,397,85,96
"8440","2010-2011",93.8,762,88,85
"8120","2010-2011",92.8,1201,123,115
"8390","2010-2011",92.4,802,88,77
"8350","2010-2011",93.6,1320,168,167
"8320","2010-2011",92.5,165,20,21
"8260","2010-2011",94.1,414,34,31
"8160","2010-2011",93.6,1276,69,149
"8230","2010-2011",94.3,375,20,34
"6200","2008-2009",94.6,515,88,94
"7380","2008-2009",91.8,484,79,73
"5170","2008-2009",91.2,656,87,101
"1490","2008-2009",92.3,383,91,57
"2010","2008-2009",82.1,647,91,145
"5530","2008-2009",90,881,139,207
"5350","2008-2009",91.7,315,31,38
"8160","2009-2010",94.2,1307,55,133
"4450","2009-2010",92.2,325,51,59
"2480","2009-2010",93.8,203,25,22
"2540","2009-2010",94.4,424,34,46
"8410","2009-2010",94.3,700,56,48
"8440","2009-2010",94,749,78,30
"5400","2009-2010",92.2,666,74,79
"7320","2009-2010",92.9,305,51,40
"1390","2009-2010",95.5,241,11,12
"8020","2009-2010",88.8,3218,243,289
"5020","2009-2010",80.1,1923,218,362
"5520","2009-2010",82.5,536,150,162
"1230","2009-2010",91.8,528,73,82
"6340","2009-2010",93.8,409,44,36
"1150","2009-2010",91.1,659,99,135
"6330","2009-2010",89.6,646,119,143
"7360","2009-2010",91.7,389,81,53
"7460","2009-2010",94.2,545,64,55
"5250","2009-2010",92.1,182,27,22
"2390","2009-2010",93.4,353,50,50
"1360","2009-2010",89.8,289,63,45
"6260","2009-2010",93.4,519,31,33
"6240","2009-2010",93.8,339,71,54
"5420","2008-2009",93.1,627,60,70
"8380","2008-2009",93.8,830,70,46
"8440","2008-2009",93.5,757,79,59
"7370","2008-2009",92,864,97,87
"2370","2008-2009",90.9,557,110,72
"4570","2008-2009",91.5,411,42,70
"6480","2008-2009",95.6,240,2,4
"4470","2008-2009",92.3,371,67,59
"7120","2008-2009",76.6,1571,240,476
"5080","2008-2009",91.4,331,3,16
"8020","2008-2009",86.1,3108,221,283
"2440","2008-2009",91,438,60,85
"5150","2008-2009",93.8,561,2,18
"7220","2008-2009",91.5,1452,230,252
"2390","2008-2009",92.1,369,68,92
"4030","2008-2009",94,596,3,13
"4240","2008-2009",92.7,637,108,86
"4310","2008-2009",91,377,81,67
"1360","2008-2009",88.6,290,58,63
"1050","2008-2009",89.6,292,8,15
"5060","2008-2009",87.3,1082,13,96
"6220","2008-2009",91.7,550,107,85
"6400","2008-2009",87.4,181,14,12
"5110","2008-2009",89.1,697,89,100
"7360","2008-2009",89.8,459,79,115
"8180","2008-2009",94.2,480,33,19
"2450","2008-2009",92.1,225,15,21
"7300","2008-2009",91.9,942,129,129
"2160","2008-2009",80,741,151,212
"1460","2008-2009",91.7,424,70,55
"1110","2008-2009",92.3,296,45,53
"2410","2008-2009",95.9,489,3,7
"1110","2010-2011",94,237,46,46
"1300","2010-2011",93.2,446,93,47
"1280","2010-2011",96.3,589,19,48
"1460","2010-2011",90.3,506,146,103
"1330","2010-2011",91.7,805,121,148
"6270","2010-2011",96.2,509,25,34
"6250","2010-2011",94.9,438,13,22
"6010","2010-2011",94.8,2387,2,57
"5340","2010-2011",93.9,302,63,62
"4570","2010-2011",90.7,364,49,48
"6090","2008-2009",86,394,1,17
"7130","2008-2009",91.6,564,77,57
"1300","2008-2009",92.8,455,58,71
"1080","2008-2009",71.9,1131,231,432
"5410","2008-2009",91.4,265,82,61
"5050","2008-2009",93.8,277,0,15
"2480","2008-2009",90.9,219,35,21
"8430","2008-2009",96.1,674,25,19
"8210","2008-2009",93,578,95,110
"1010","2008-2009",80.6,1374,327,431
"2090","2008-2009",85.4,1026,13,153
"8260","2008-2009",93.3,327,21,28
"1250","2008-2009",91.8,620,80,114
"1130","2008-2009",91,445,63,100
"5240","2008-2009",83.1,273,26,54
"2580","2008-2009",94.2,363,35,19
"2190","2008-2009",93.4,502,50,55
"1580","2008-2009",95.3,280,6,9
"7500","2008-2009",91.1,715,94,85
"2730","2008-2009",96,347,13,19
"7470","2008-2009",93.8,445,46,60
"6430","2008-2009",91.4,415,76,83
"2640","2008-2009",95.2,464,63,47
"4460","2008-2009",91.6,376,40,47
"5680","2008-2009",91.8,817,119,124
"6460","2008-2009",95.6,230,4,5
"1100","2008-2009",77.2,637,183,163
"8370","2008-2009",94.2,392,32,21
"7400","2008-2009",95.1,813,87,88
"7260","2008-2009",94.3,425,69,67
"5350","2010-2011",93.4,289,34,29
"6280","2010-2011",92,501,88,89
"2590","2010-2011",94,258,16,19
"6350","2010-2011",93.1,470,82,56
"4470","2010-2011",92.1,421,67,50
"4100","2010-2011",89.9,482,71,71
"2520","2010-2011",94.5,357,15,12
"5150","2010-2011",94.4,549,1,12
"7300","2010-2011",92,874,124,100
"8370","2010-2011",94.1,449,38,23
"7430","2010-2011",90.8,635,89,96
"6480","2010-2011",95.5,244,1,4
"5450","2010-2011",79.9,415,101,72
"6450","2010-2011",95.1,255,9,19
"6380","2010-2011",93.9,590,28,20
"1580","2010-2011",94.4,246,4,7
"1360","2010-2011",89.8,338,55,61
"6410","2010-2011",94.6,429,14,26
"6300","2010-2011",93.3,398,57,38
"5330","2010-2011",92,521,56,49
"5250","2010-2011",91.8,170,26,21
"2670","2010-2011",90,382,1,9
"7380","2010-2011",91.3,462,112,61
"5050","2010-2011",94.8,250,0,20
"5320","2010-2011",96.4,410,125,115
"5280","2010-2011",90.9,555,99,108
"5170","2010-2011",93.3,571,79,67
"5680","2010-2011",92.9,721,102,87
"5290","2010-2011",93.2,381,30,76
"7280","2010-2011",93.7,1059,157,132
"4220","2010-2011",91.9,266,61,47
"4430","2010-2011",92.3,489,80,86
"2290","2010-2011",89.3,676,6,21
"5370","2010-2011",95.1,446,43,48
"4530","2010-2011",92.8,336,41,54
"4450","2010-2011",89.8,347,72,67
"1030","2008-2009",84.1,390,12,40
"6280","2008-2009",91.7,500,98,116
"5500","2008-2009",95.1,599,117,83
"6440","2008-2009",94.3,363,26,34
"1420","2008-2009",92.3,363,34,32
"1440","2008-2009",92,688,84,91
"2490","2008-2009",92.2,210,39,24
"5210","2008-2009",92.9,394,71,80
"5070","2008-2009",92,292,5,12
"6030","2008-2009",78.4,926,85,205
"8400","2008-2009",95.1,960,96,104
"2650","2008-2009",93.3,369,5,8
"8090","2008-2009",89.8,747,7,21
"7390","2008-2009",92.2,766,102,101
"7200","2008-2009",91.9,666,90,78
"7530","2008-2009",93.4,476,63,42
"2470","2008-2009",94.3,475,14,16
"2000","2008-2009",75.3,1237,314,535
"8420","2008-2009",93.6,791,50,47
"6020","2008-2009",72.4,1276,266,428
"1530","2008-2009",91.8,288,55,43
"8010","2008-2009",78.1,1778,395,570
"5430","2008-2009",92.4,401,6,12
"5020","2008-2009",76.3,2122,307,547
"5280","2008-2009",91.9,577,56,68
"6250","2008-2009",94.4,505,19,37
"4430","2008-2009",92.9,447,106,80
"8250","2008-2009",92.5,1050,134,145
"6340","2008-2009",93,415,40,59
"5340","2008-2009",92,285,52,53
"6540","2010-2011",93,273,6,15
"6070","2010-2011",92.1,319,5,36
"5070","2010-2011",91.6,274,3,10
"5490","2010-2011",91.9,389,65,63
"5300","2010-2011",91,404,38,40
"5260","2010-2011",91.1,831,154,138
"5110","2010-2011",90.5,406,49,54
"1260","2010-2011",90.9,485,109,87
"1490","2010-2011",91.8,358,131,62
"1470","2010-2011",91.9,419,119,89
"1200","2010-2011",91.1,756,121,143
"6320","2010-2011",93.2,234,31,32
"1530","2010-2011",92,310,65,56
"1420","2010-2011",93.6,375,50,33
"4300","2010-2011",91.5,440,72,67
"1410","2010-2011",90.5,615,125,130
"2730","2010-2011",96.7,290,22,28
"2720","2010-2011",93.9,321,29,33
"2020","2010-2011",93.5,683,5,22
"8360","2010-2011",94.8,524,38,45
"8430","2010-2011",96.4,666,42,39
"8420","2010-2011",93.4,901,74,85
"8400","2010-2011",94.6,986,103,115
"8310","2010-2011",94.3,1116,120,113
"8270","2010-2011",92.6,417,71,64
"8140","2010-2011",91.1,576,72,76
"8340","2010-2011",93.6,1130,151,84
"8040","2010-2011",93.8,380,25,16
"4370","2010-2011",93.9,258,53,34
"1390","2010-2011",95,236,13,14
"6090","2010-2011",87.7,352,8,30
"4330","2010-2011",83.8,249,42,46
"4280","2010-2011",92.6,324,59,26
"5090","2010-2011",89.6,286,10,13
"4480","2010-2011",95.6,273,7,4
"4240","2010-2011",93.8,634,93,81
"2640","2010-2011",95,509,75,55
"2370","2010-2011",90.4,836,111,143
"2580","2010-2011",94.4,466,47,31
"2540","2010-2011",94.3,439,46,36
"2380","2010-2011",96,492,13,15
"2260","2010-2011",93.3,553,55,67
"2190","2010-2011",93.8,499,56,47
"1400","2010-2011",92.6,682,108,110
"1250","2010-2011",92.5,583,76,87
"4140","2008-2009",81.6,499,103,123
"6270","2008-2009",95.1,465,23,18
"1260","2008-2009",92.5,548,105,89
"8390","2008-2009",92.5,737,66,59
"8410","2008-2009",94.5,658,48,58
"4060","2008-2009",86.6,851,17,88
"1290","2008-2009",92.3,688,57,74
"1200","2008-2009",89.1,645,218,155
"8140","2008-2009",89.6,702,96,99
"2620","2008-2009",94.9,351,11,11
"4020","2008-2009",77.2,1694,362,476
"8120","2008-2009",93.4,1131,110,114
"4440","2008-2009",88.7,342,84,60
"2340","2008-2009",96.3,464,52,58
"1380","2008-2009",91.9,798,130,129
"6320","2008-2009",91.9,281,24,35
"5330","2008-2009",90.3,509,69,45
"1330","2008-2009",92.6,744,142,109
"5400","2008-2009",91.3,660,79,86
"7430","2008-2009",90.5,707,119,111
"1230","2008-2009",90.3,520,98,109
"2690","2008-2009",92.2,410,62,71
"2520","2008-2009",94.1,358,9,11
"2240","2008-2009",91.6,393,56,48
"6100","2008-2009",91.7,271,38,36
"6260","2008-2009",92.7,458,49,30
"4480","2008-2009",95.3,305,6,4
"6240","2008-2009",92.3,352,83,75
"4150","2008-2009",80.3,440,116,120
"8270","2008-2009",91.7,462,46,62
"6380","2008-2009",93.1,545,38,26
"4560","2008-2009",92.1,322,73,84
"5560","2010-2011",93.3,295,45,45
"2490","2010-2011",93.6,262,32,41
"4460","2010-2011",92.8,359,36,32
"4400","2010-2011",92.6,388,84,86
"4390","2010-2011",90.9,371,51,50
"7730","2010-2011",90,708,98,115
"7220","2010-2011",92.5,1637,225,256
"7460","2010-2011",93,535,82,58
"8410","2010-2011",94.3,738,66,70
"2410","2010-2011",95.8,497,0,7
"4270","2010-2011",94.2,292,75,61
"5080","2010-2011",92.1,393,3,21
"6340","2010-2011",93.1,436,76,59
"2620","2010-2011",94.6,564,9,21
"4530","2008-2009",94.2,339,38,33
"2670","2008-2009",90.5,294,4,8
"1150","2008-2009",90.7,703,111,172
"5390","2008-2009",90.4,471,67,63
"5250","2008-2009",89.8,214,27,30
"5550","2008-2009",78.3,541,92,177
"6540","2008-2009",91,298,5,13
"7310","2008-2009",92.8,730,96,83
"2200","2008-2009",90,559,121,100
"8310","2008-2009",93.6,1099,114,105
"5290","2008-2009",91.3,403,71,68
"2380","2008-2009",95.3,449,14,11
"7150","2008-2009",93.5,967,109,140
"5510","2008-2009",77.5,511,162,225
"8230","2008-2009",93.9,356,22,26
"5260","2008-2009",90.8,869,155,162
"1020","2008-2009",77.9,941,236,270
"5230","2008-2009",94.1,840,14,30
"7100","2008-2009",92,491,101,122
"4400","2008-2009",88.3,420,62,68
"4320","2008-2009",94.8,627,62,79
"8360","2008-2009",93.8,478,50,50
"4300","2008-2009",90.5,475,83,97
"1400","2008-2009",92.7,684,107,106
"5590","2008-2009",91.9,936,141,165
"8350","2008-2009",93.4,1318,126,157
"6350","2008-2009",94.5,446,65,60
"5320","2008-2009",94.7,424,91,73
"7490","2008-2009",94.3,451,41,33
"2540","2008-2009",93.8,414,33,42
"1030","2010-2011",89.2,406,13,51
"4320","2010-2011",96.2,556,77,52
"8210","2010-2011",92.7,528,61,62
"2630","2010-2011",93.1,528,50,35
"5480","2010-2011",94.7,416,57,37
"1050","2010-2011",89.5,281,10,18
"1440","2010-2011",93.3,620,55,100
"8020","2010-2011",86.6,3305,232,415
"8380","2010-2011",93.6,916,102,80
"8180","2010-2011",94.6,489,29,22
"4380","2010-2011",92.5,394,40,48
"2390","2010-2011",90.7,340,88,79
"6210","2010-2011",97,617,64,72
"6200","2010-2011",94.9,501,91,114
"6040","2010-2011",92.5,576,3,22
"6310","2008-2009",93.2,338,25,28
"5520","2008-2009",80.3,526,195,247
"7510","2008-2009",91.4,653,114,120
"1340","2008-2009",92.4,431,51,53
"1390","2008-2009",94.5,234,8,17
"2020","2008-2009",93.2,664,3,21
"4370","2008-2009",93.9,294,15,24
"8040","2008-2009",94.3,121,4,6
"5560","2008-2009",94,322,41,54
"1370","2008-2009",92,553,112,101
"2420","2008-2009",92.2,417,61,87
"2130","2008-2009",71.9,455,66,129
"7460","2008-2009",93.4,477,70,50
"6210","2008-2009",95.2,576,67,50
"4100","2008-2009",89.9,457,66,83
"2510","2008-2009",93.2,326,30,46
"2630","2008-2009",93.1,455,53,18
"8340","2008-2009",92.6,1117,120,108
"4450","2008-2009",92.2,323,53,62
"5650","2008-2009",88.2,179,21,37
"6050","2008-2009",91.4,1019,5,38
"7440","2008-2009",91.3,601,105,103
"7010","2008-2009",76.9,1996,422,689
"8240","2008-2009",90.6,832,142,128
"1410","2008-2009",90.3,541,77,93
"5090","2008-2009",88.2,322,9,11
"4440","2010-2011",91.9,394,56,53
"2650","2010-2011",93.9,482,3,6
"2140","2010-2011",96.9,1184,6,10
"1190","2010-2011",95,206,11,13
"1430","2010-2011",93.6,231,18,20
"1380","2010-2011",92.6,772,109,143
"1230","2010-2011",91.6,476,94,97
"1290","2010-2011",92.8,601,110,74
"1370","2010-2011",91.3,527,102,90
"1350","2010-2011",92.5,518,66,66
"1340","2010-2011",92.1,396,62,58
"1150","2010-2011",91,565,110,119
"1130","2010-2011",89.6,405,63,55
"2410","2009-2010",96.4,488,9,10
"6280","2009-2010",92.5,483,82,86
"7400","2009-2010",95.2,832,90,67
"4300","2009-2010",93,436,64,53
"2260","2009-2010",93.8,607,51,49
"2640","2009-2010",95.8,474,50,36
"8340","2009-2010",93.4,1157,95,107
"4440","2009-2010",91.2,388,64,78
"8390","2009-2010",93.3,793,40,56
"5490","2009-2010",92,454,62,82
"5560","2009-2010",94.1,312,38,51
"1430","2009-2010",92.7,248,25,27
"8360","2009-2010",94.2,516,31,41
"2520","2009-2010",94.3,355,2,9
"1080","2009-2010",78.5,813,115,188
"2000","2009-2010",78.9,965,200,318
"4150","2009-2010",80.3,493,86,97
"4140","2009-2010",83.3,506,83,151
"6010","2009-2010",95.9,2341,4,42
"6040","2009-2010",93.9,556,0,11
"7500","2009-2010",92.2,731,67,104
"2490","2009-2010",94,239,28,32
"1380","2009-2010",93.1,783,90,106
"8350","2009-2010",93.6,1299,127,109
"5290","2009-2010",92.9,418,72,76
"6270","2009-2010",96.1,463,23,29
"2580","2009-2010",95.1,413,35,25
"1400","2009-2010",93.2,730,115,92
"5590","2009-2010",93.3,925,127,142
"7310","2009-2010",93.9,707,77,84
"2650","2009-2010",94.2,488,2,11
"2670","2009-2010",91,388,2,16
"2140","2009-2010",96.9,1207,0,10
"1470","2009-2010",92.4,443,103,69
"5480","2009-2010",95.1,439,34,42
"6110","2009-2010",91.1,393,86,65
"2730","2009-2010",93.8,314,26,20
"5430","2009-2010",92.9,420,6,8
"1440","2009-2010",93.7,623,56,68
"8210","2009-2010",93.5,544,61,70
"8270","2009-2010",92.5,460,46,95
"7470","2009-2010",94.2,424,28,31
"6400","2009-2010",86.1,185,15,10
"6030","2009-2010",82.3,845,69,148
"8090","2009-2010",91.6,792,10,21
"1060","2009-2010",85.7,460,10,71
"7130","2009-2010",93,564,68,63
"1460","2009-2010",91.7,534,68,72
"7730","2009-2010",89.9,694,97,108
"5340","2009-2010",94.3,276,55,45
"6440","2009-2010",94.4,395,35,34
"8380","2009-2010",94,882,60,41
"7200","2009-2010",92.4,671,89,83
"5080","2009-2010",92,376,9,13
"1130","2009-2010",90.6,420,40,63
"7150","2009-2010",94.5,1015,81,79
"7390","2009-2010",93.1,756,100,83
"7280","2009-2010",94.1,1090,162,171
"8240","2009-2010",91.8,826,118,107
"1260","2009-2010",92.4,590,120,92
"2630","2009-2010",93.7,516,32,27
"5280","2009-2010",92.5,545,66,60
"7490","2009-2010",94.2,435,43,31
"4240","2009-2010",93.2,615,69,59
"7010","2009-2010",79.6,1795,259,277
"1020","2009-2010",82.2,872,186,223
"4020","2009-2010",79.4,1642,262,376
"5440","2009-2010",92.3,741,175,127
"2160","2009-2010",84.6,673,121,163
"1420","2009-2010",93.7,352,33,32
"4460","2009-2010",93.2,375,36,36
"8400","2009-2010",95.5,974,73,71
"4280","2009-2010",93.2,358,41,21
"6200","2009-2010",95.4,526,88,80
"6070","2009-2010",93.5,306,4,18
"5060","2009-2010",90.2,917,6,59
"1030","2009-2010",87.7,485,9,51
"1200","2009-2010",90,758,143,115
"2210","2009-2010",93.7,395,27,36
"4220","2009-2010",92.9,300,47,43
"1110","2009-2010",93.5,244,45,29
"1530","2009-2010",93.8,300,47,38
"4430","2009-2010",93.6,469,84,61
"2450","2009-2010",92.5,212,24,18
"1290","2009-2010",93.5,641,55,67
"1350","2009-2010",91.8,522,87,71
"6390","2009-2010",94.1,559,71,93
"6220","2009-2010",93.4,565,86,75
"7100","2009-2010",94,455,72,64
"6230","2009-2010",95,326,9,18
"7260","2009-2010",94.8,407,62,47
"5530","2009-2010",91.4,857,103,153
"1250","2009-2010",93.2,604,81,66
"7440","2009-2010",93.2,538,86,59
"6060","2009-2010",84.2,1209,220,354
"2020","2009-2010",94.2,665,3,11
"5070","2009-2010",93.4,278,7,5
"6100","2009-2010",93.5,302,35,30
"8420","2009-2010",93.9,854,59,47
"7110","2009-2010",89.1,854,150,157
"6210","2009-2010",95.7,605,64,54
"2470","2009-2010",95,500,23,26
"5320","2009-2010",94.9,425,86,94
"7220","2009-2010",92.6,1553,242,205
"2440","2009-2010",91.1,377,74,53
"6350","2009-2010",94.1,447,95,77
"2340","2009-2010",96.8,492,76,37
"6300","2009-2010",93.3,397,58,45
"5470","2009-2010",94,640,112,81
"7380","2009-2010",92.2,482,84,62
"5260","2009-2010",91.8,826,133,144
"5150","2009-2010",94.9,534,3,11
"1010","2009-2010",83.5,1305,220,292
"4470","2009-2010",93.5,391,76,58
"6020","2009-2010",78.5,1045,205,222
"7120","2009-2010",82,1653,281,349
"1050","2009-2010",90.6,313,3,23
"4330","2009-2010",87.4,267,28,44
"4270","2009-2010",93.9,277,42,35
"4400","2009-2010",91.6,460,67,90
"5420","2009-2010",93.9,603,64,48
"6250","2009-2010",94.8,511,15,51
"6320","2009-2010",93,267,26,36
"7530","2009-2010",94.7,452,52,50
"2420","2009-2010",93.8,417,50,74
"7330","2009-2010",92.4,804,98,65
"8230","2009-2010",94.5,384,37,36
"2010","2009-2010",86,682,108,139
"5550","2009-2010",79,540,115,183
"6090","2009-2010",89.4,421,5,33
"7280","2008-2009",93,1103,168,149
"5480","2008-2009",94.6,428,39,45
"5470","2008-2009",92.8,624,96,78
"1350","2008-2009",91.3,572,93,106
"2720","2008-2009",93.1,336,31,46
"6230","2008-2009",93.8,342,8,27
"6010","2008-2009",95.1,2217,2,39
"4390","2008-2009",90.5,403,67,67
"6060","2008-2009",77.4,1244,309,415
"5450","2008-2009",82.4,396,118,86
"7730","2008-2009",88.1,694,109,120
"6330","2008-2009",88.3,690,138,169
"4220","2008-2009",91.3,330,57,72
"6040","2008-2009",93.2,559,2,23
"1060","2008-2009",81.7,497,19,96
"2290","2008-2009",89.7,664,4,33
"8320","2008-2009",90.8,242,22,23
"7350","2008-2009",92.4,1013,98,118
"2260","2008-2009",92.4,571,45,41
"5240","2009-2010",83.5,307,19,56
"8200","2009-2010",93.1,907,110,98
"4530","2009-2010",93.2,354,34,40
"7270","2009-2010",93.5,880,72,69
"2380","2009-2010",95.8,473,5,12
"5390","2009-2010",90.8,474,58,68
"1490","2009-2010",93.4,401,49,46
"1410","2009-2010",91.7,602,108,112
"5110","2009-2010",90.6,518,48,59
"1340","2009-2010",92.5,438,38,38
"2370","2009-2010",91.9,727,101,71
"5680","2009-2010",93.1,703,88,82
"6460","2009-2010",95.2,210,12,0
"8250","2009-2010",93.9,1115,90,110
"1300","2009-2010",93.9,449,59,35
"1330","2009-2010",92.7,759,122,98
"6540","2009-2010",93.3,301,5,8
"5450","2009-2010",81.4,444,65,73
"1100","2009-2010",79.9,692,114,178
"4030","2009-2010",95.4,640,4,11
"5650","2009-2010",90.5,226,57,61
"5350","2009-2010",93.6,304,28,26
"8430","2009-2010",96,686,40,34
"6470","2009-2010",91.6,908,130,177
"2200","2009-2010",92,522,111,97
"2240","2009-2010",92.6,387,42,60
"5170","2009-2010",93.4,638,77,88
"2320","2009-2010",92.7,608,47,55
"8260","2009-2010",93.9,372,36,27
"5300","2009-2010",92.9,418,28,44
"8030","2009-2010",87.8,2189,183,257
"4060","2009-2010",88.6,828,11,82
"6050","2009-2010",93.5,1082,4,41
"8040","2009-2010",95,252,3,9
"2190","2009-2010",94.6,485,49,27
"7510","2009-2010",93,665,68,95
"1280","2009-2010",96.3,544,19,10
"4100","2009-2010",90.4,516,76,68
"5330","2009-2010",94.5,502,51,38
"6430","2009-2010",91.8,423,71,100
"7290","2009-2010",92,401,92,57
"8120","2009-2010",93.6,1182,97,67
"4480","2009-2010",96.1,276,6,4
"6410","2009-2010",95.6,417,28,34
"8300","2009-2010",94.4,921,70,71
"8180","2009-2010",94.2,497,30,35
"6310","2009-2010",93.8,356,37,28
"5210","2009-2010",94.9,419,52,46
"5370","2009-2010",95.2,425,46,20
"8310","2009-2010",94.4,1121,96,97
"5090","2009-2010",91,315,5,15
"2290","2009-2010",91.2,658,4,37
"6480","2009-2010",95.9,239,2,6
"7370","2009-2010",93.3,815,64,61
"5500","2009-2010",95.8,689,76,57
"2690","2009-2010",93.4,427,48,36
"8320","2009-2010",93,188,5,12
"7350","2009-2010",94.5,958,108,85
"6450","2009-2010",95.2,267,11,7
"5200","2009-2010",93.8,447,25,24
"6380","2009-2010",94.5,587,23,31
"2510","2009-2010",94.5,308,17,30
"4390","2009-2010",91.9,394,49,49
"4370","2009-2010",95.1,272,24,18
"5410","2009-2010",93.6,270,42,38
"8010","2009-2010",83.8,1762,266,354
"2090","2009-2010",87.8,945,23,119
"1190","2009-2010",95.2,222,1,6
"2130","2009-2010",76.7,399,67,111
"4310","2009-2010",91.6,391,65,65
"5230","2009-2010",94.5,808,30,30
"8140","2009-2010",91,625,51,64
"1580","2009-2010",95.4,280,2,6
"2720","2009-2010",94.7,334,25,36
"4320","2009-2010",96.1,619,50,69
"6410","2011-2012",95.7,485,7,17
"6040","2011-2012",95.2,518,2,9
"5400","2011-2012",94.5,687,17,29
"5390","2011-2012",92.9,406,23,14
"4480","2011-2012",96.6,248,2,4
"7150","2011-2012",95.3,1106,42,36
"8040","2011-2012",96,510,0,7
"7440","2011-2012",95.3,509,29,19
"1010","2011-2012",86.8,1005,74,129
"7530","2011-2012",96.6,419,20,19
"2480","2011-2012",94.5,194,12,14
"5090","2011-2012",93.9,264,0,7
"5170","2011-2012",95.2,562,35,22
"4440","2011-2012",93.9,445,34,13
"6220","2011-2012",94.5,606,44,33
"6070","2011-2012",95.7,244,0,6
"5410","2011-2012",93.8,285,17,10
"2410","2011-2012",97.9,501,2,2
"4570","2011-2012",92.9,348,22,14
"5650","2011-2012",91,245,8,11
"1290","2011-2012",95.4,627,44,14
"5370","2011-2012",96.1,444,17,7
"2020","2011-2012",96,694,0,3
"6340","2011-2012",95.3,432,22,20
"5340","2011-2012",95.1,297,11,13
"8180","2011-2012",96.9,506,4,8
"5490","2011-2012",92.3,411,37,35
"5590","2011-2012",94.4,912,51,33
"4380","2011-2012",94.6,388,30,11
"5260","2011-2012",93.9,803,35,22
"8120","2011-2012",94.7,1201,35,28
"1030","2011-2012",93.9,406,4,21
"8360","2011-2012",97.1,536,17,24
"2130","2011-2012",85.9,324,18,18
"1360","2011-2012",92.8,368,18,25
"6010","2011-2012",97.2,2373,4,15
"7110","2011-2012",92.6,695,38,30
"2380","2011-2012",97.1,509,2,7
"1230","2011-2012",91.7,522,22,29
"1410","2011-2012",91.8,591,46,30
"8210","2011-2012",94.4,561,15,13
"7280","2011-2012",96.3,1027,28,33
"4060","2011-2012",85.7,807,10,59
"5520","2011-2012",86.9,442,57,24
"6060","2011-2012",82.7,879,119,230
"4370","2011-2012",95.9,261,19,5
"2580","2011-2012",96.4,499,5,11
"7460","2011-2012",95.5,534,13,19
"6090","2011-2012",91.6,400,1,6
"6400","2011-2012",85.4,172,5,0
"7120","2011-2012",89.3,1340,67,71
"2730","2011-2012",96,265,7,2
"6030","2011-2012",88.9,533,20,18
"1340","2011-2012",95.2,355,23,12
"7310","2011-2012",95.9,680,17,19
"1300","2011-2012",95.7,516,45,17
"7300","2011-2012",94.9,894,23,35
"6320","2011-2012",95.3,237,5,9
"2450","2011-2012",95.5,233,4,3
"8240","2011-2012",94.2,841,21,40
"2160","2011-2012",90,583,34,29
"2340","2011-2012",97.6,615,18,11
"5510","2011-2012",82.2,439,44,37
"2590","2011-2012",95.1,248,1,5
"1130","2011-2012",90.4,335,21,11
"2620","2011-2012",96.9,644,11,8
"5500","2011-2012",95.5,723,58,20
"2510","2011-2012",95.9,398,16,16
"4150","2011-2012",86.9,401,26,24
"4300","2011-2012",93.9,429,30,26
"8140","2011-2012",92.8,600,25,23
"6390","2011-2012",93.6,507,32,36
"6440","2011-2012",95.7,404,17,23
"2200","2011-2012",93.3,589,45,24
"7380","2011-2012",94.6,481,40,19
"8400","2011-2012",96.8,1003,20,26
"2440","2011-2012",91.7,420,35,17
"1060","2011-2012",89.8,356,0,22
"4460","2011-2012",94.2,318,18,8
"7400","2011-2012",95.1,791,36,22
"8380","2011-2012",95.5,951,33,27
"4470","2011-2012",94,399,28,27
"6110","2011-2012",92.3,321,32,20
"1400","2011-2012",94.6,683,28,23
"8020","2011-2012",92.7,3110,62,117
"4400","2011-2012",93.2,343,19,18
"5210","2011-2012",94.4,598,11,22
"2670","2011-2012",94.1,371,2,4
"8090","2011-2012",95.1,743,2,8
"2720","2011-2012",95.4,352,16,3
"6470","2011-2012",94.8,777,49,59
"8010","2011-2012",88.1,1801,87,48
"8420","2011-2012",96,977,9,19
"6300","2011-2012",94.3,365,13,24
"4140","2011-2012",77.7,366,21,36
"7200","2011-2012",95.3,745,33,25
"1370","2011-2012",94.2,528,37,21
"5200","2011-2012",96.1,400,8,5
"4270","2011-2012",95.4,297,19,4
"5230","2011-2012",95,747,1,13
"1250","2011-2012",95.7,582,24,6
"7220","2011-2012",93.6,1638,71,55
"5060","2011-2012",92.4,872,0,26
"2320","2011-2012",95.5,570,19,10
"4560","2011-2012",94.3,309,23,14
"1380","2011-2012",94.8,782,40,36
"8250","2011-2012",95.6,1145,27,26
"5550","2011-2012",83.3,437,24,41
"6540","2011-2012",94.6,283,0,3
"7470","2011-2012",95.4,424,9,11
"5240","2011-2012",86.2,295,5,29
"1260","2011-2012",92.9,418,30,21
"1390","2011-2012",95.3,223,5,17
"6280","2011-2012",95,461,26,20
"7500","2011-2012",94.5,653,15,17
"1150","2011-2012",91.8,474,28,21
"2390","2011-2012",93.7,369,40,34
"4100","2011-2012",91.1,379,24,14
"1530","2011-2012",93.9,298,39,29
"5430","2011-2012",95,391,15,7
"2090","2011-2012",88.2,914,5,43
"8260","2011-2012",96.7,407,9,6
"5250","2011-2012",95.1,176,3,2
"5330","2011-2012",95.1,511,22,12
"5470","2011-2012",94.1,684,28,26
"6250","2011-2012",97.3,434,7,6
"7290","2011-2012",94.8,453,35,23
"2370","2011-2012",93.4,914,48,34
"6350","2011-2012",94.2,488,23,36
"7510","2011-2012",94,650,20,28
"1580","2011-2012",96.4,257,4,2
"5070","2011-2012",95.3,297,0,2
"7270","2011-2012",96.3,848,17,16
"1330","2011-2012",91.5,760,41,32
"5300","2011-2012",94.3,427,17,12
"6480","2011-2012",97.6,209,5,0
"6270","2011-2012",97.7,491,6,9
"5530","2011-2012",93.6,783,47,35
"2420","2011-2012",94.3,347,21,9
"5440","2011-2012",94.1,793,59,35
"4390","2011-2012",93.5,374,31,15
"5290","2011-2012",94.8,313,51,11
"4330","2011-2012",89.7,237,6,12
"4030","2011-2012",96.8,725,1,5
"7490","2011-2012",95.3,432,17,15
"8320","2011-2012",94.9,191,6,4
"4320","2011-2012",97.3,532,42,16
"5680","2011-2012",94.3,670,33,28
"5550","2012-2013",84.1,366,31,28
"2200","2012-2013",93.5,503,83,21
"6300","2012-2013",95.3,353,66,11
"5320","2012-2013",94.7,416,74,18
"5430","2012-2013",95,398,1,6
"1190","2012-2013",97.4,244,1,5
"8350","2012-2013",96.4,1345,209,43
"2370","2012-2013",94.7,831,144,38
"6070","2012-2013",94.5,252,3,12
"7280","2012-2013",96.2,999,158,30
"2380","2012-2013",97.5,524,70,10
"5370","2012-2013",95.6,451,105,36
"4030","2012-2013",96.9,752,11,19
"6010","2012-2013",97.2,2339,6,14
"5480","2012-2013",95.6,446,74,9
"5590","2012-2013",95.1,919,201,38
"5650","2012-2013",93.9,103,2,9
"8380","2012-2013",96.8,991,146,18
"7200","2012-2013",95.6,807,327,34
"6410","2012-2013",94.4,522,76,37
"4220","2012-2013",94.9,294,68,15
"7130","2012-2013",93.5,467,15,29
"4020","2012-2013",83.8,1006,68,87
"2320","2012-2013",95.6,599,141,15
"8420","2012-2013",95.9,1014,141,12
"8410","2012-2013",96.4,762,156,14
"4150","2012-2013",87.4,201,15,5
"5080","2012-2013",94.5,471,4,14
"4140","2012-2013",75.8,436,36,30
"1080","2012-2013",87.6,517,31,37
"5090","2012-2013",95.1,259,1,4
"5110","2012-2013",93.4,256,28,10
"2490","2012-2013",95.1,306,61,12
"5050","2012-2013",96.1,206,0,1
"2010","2012-2013",88.3,574,47,56
"5470","2012-2013",95,695,125,26
"6220","2012-2013",95.8,617,139,17
"1290","2012-2013",95.1,569,63,15
"2590","2012-2013",94.9,267,40,12
"1300","2012-2013",96.2,490,105,36
"8320","2012-2013",94.8,198,2,3
"5250","2012-2013",94.7,225,37,5
"1200","2012-2013",95,828,177,24
"2690","2012-2013",95.8,465,72,17
"5450","2012-2013",85.5,342,16,21
"6340","2012-2013",94.6,393,85,16
"7510","2012-2013",94.1,704,146,34
"5520","2012-2013",85.2,427,75,22
"6040","2012-2013",96.2,529,0,7
"2540","2012-2013",97,527,101,16
"5490","2012-2013",93.9,413,111,21
"4330","2012-2013",91.6,197,8,14
"8340","2012-2013",96.1,1284,248,38
"2580","2012-2013",96.6,521,84,15
"4320","2012-2013",96,537,76,25
"8310","2012-2013",97,1189,277,37
"4470","2012-2013",93.5,368,81,13
"6210","2012-2013",97,562,130,33
"7100","2012-2013",95.3,405,70,16
"2510","2012-2013",96.9,406,76,11
"6090","2012-2013",93,547,24,20
"5680","2012-2013",94.1,711,122,11
"7730","2012-2013",91.8,548,19,13
"2450","2012-2013",96.4,255,39,3
"1030","2012-2013",94.2,408,6,29
"6430","2012-2013",94.1,454,90,19
"6260","2012-2013",95.5,464,63,20
"2470","2012-2013",97.3,579,87,9
"4300","2012-2013",92.4,458,95,27
"2720","2012-2013",96.8,338,50,6
"5280","2012-2013",92.9,479,77,21
"2440","2012-2013",91.6,402,80,24
"8160","2012-2013",95.9,1223,15,30
"1230","2012-2013",90.2,495,106,60
"4100","2012-2013",91.8,287,17,19
"7110","2012-2013",93.2,590,24,18
"8090","2012-2013",95.7,694,0,1
"2090","2012-2013",84.2,904,3,42
"1400","2012-2013",95.7,635,194,35
"8020","2012-2013",92.2,2964,62,94
"7320","2012-2013",93.7,281,56,15
"5600","2012-2013",86.3,227,10,19
"8400","2012-2013",97.2,1049,235,43
"8300","2012-2013",95.9,1091,179,36
"4280","2012-2013",95.5,379,77,36
"5070","2012-2013",95.1,260,3,2
"2290","2012-2013",93.3,779,3,17
"8210","2012-2013",94.3,528,110,16
"7330","2012-2013",94.9,823,161,31
"2130","2012-2013",84.8,278,25,10
"6020","2012-2013",86,676,55,51
"5210","2012-2013",95.4,575,97,18
"1490","2012-2013",93.1,431,74,10
"5420","2012-2013",96.3,569,108,13
"5060","2012-2013",93.5,687,0,9
"2340","2012-2013",98.1,642,114,22
"5340","2012-2013",94.5,327,76,34
"1280","2012-2013",98.1,553,82,3
"2160","2012-2013",91.5,552,21,13
"5440","2012-2013",94.4,799,206,26
"8360","2012-2013",97.5,571,128,30
"4440","2012-2013",94.1,484,93,20
"6100","2012-2013",95.1,275,12,14
"2480","2012-2013",95.6,214,42,9
"6470","2012-2013",95.2,788,204,33
"7460","2012-2013",96,520,107,21
"4570","2012-2013",93.3,368,79,19
"5020","2012-2013",76.8,1257,77,81
"7400","2012-2013",94.1,824,144,48
"1530","2012-2013",94.5,312,56,17
"7260","2012-2013",95.9,337,64,9
"7270","2012-2013",96.2,827,133,23
"2520","2012-2013",96.7,332,105,12
"6350","2012-2013",94.7,484,82,29
"7360","2012-2013",93.3,399,94,14
"6330","2012-2013",93.4,515,100,12
"6390","2012-2013",94.3,524,121,34
"4370","2012-2013",96.6,257,63,9
"6450","2012-2013",94.9,283,46,6
"6480","2012-2013",97.2,271,4,5
"2260","2012-2013",95.2,577,100,26
"6240","2012-2013",94.2,367,75,19
"2190","2012-2013",95.9,565,69,17
"4280","2011-2012",95.4,351,31,11
"8300","2011-2012",96,1044,15,13
"8440","2011-2012",95.6,767,40,21
"1200","2011-2012",93.1,835,64,27
"1050","2011-2012",93.4,275,7,9
"5350","2011-2012",95,309,5,13
"6310","2011-2012",96.3,401,16,21
"8390","2011-2012",95.6,822,23,12
"2210","2011-2012",96.3,370,15,13
"2470","2011-2012",96.4,520,3,4
"1460","2011-2012",92.1,561,35,54
"7430","2011-2012",94.5,644,38,26
"5320","2011-2012",95.5,403,31,8
"2140","2011-2012",98.5,1170,1,1
"2290","2011-2012",93.8,744,0,13
"1420","2011-2012",94.2,380,16,16
"6380","2011-2012",96.5,585,14,14
"7360","2011-2012",94.1,414,25,17
"4450","2011-2012",92.2,305,16,18
"8340","2011-2012",95.2,1220,36,46
"2190","2011-2012",95.7,512,15,12
"7370","2011-2012",95.8,713,24,12
"2650","2011-2012",96.1,484,2,2
"4240","2011-2012",95.2,649,21,19
"6200","2011-2012",96.6,474,31,47
"2630","2011-2012",95.5,537,14,11
"5600","2011-2012",90.4,167,12,17
"8350","2011-2012",95.9,1304,33,30
"1080","2011-2012",86.4,634,48,57
"8200","2011-2012",95.1,848,40,33
"2000","2011-2012",83.6,701,47,75
"4430","2011-2012",95.7,419,25,15
"6330","2011-2012",90.8,483,37,27
"7100","2011-2012",94.7,453,33,16
"5020","2011-2012",79.5,1433,81,72
"7330","2011-2012",94.5,859,22,22
"6230","2011-2012",95.9,312,3,12
"6450","2011-2012",96.8,259,5,5
"2540","2011-2012",96.3,490,11,6
"5150","2011-2012",95.6,558,1,6
"1470","2011-2012",94.5,437,29,27
"5200","2012-2013",95.5,405,42,10
"8270","2012-2013",95.4,504,106,15
"5350","2012-2013",95.3,295,51,19
"2730","2012-2013",97.3,277,68,9
"6060","2012-2013",82.3,755,41,33
"1380","2012-2013",93.5,811,192,62
"1050","2012-2013",94.3,267,1,2
"7380","2012-2013",95.3,559,123,26
"6540","2012-2013",95.3,322,2,2
"6050","2012-2013",95.4,1176,3,11
"1010","2012-2013",85.6,964,59,58
"5500","2012-2013",95.1,729,123,12
"4060","2012-2013",84.9,736,4,37
"8010","2012-2013",86.7,1794,89,71
"7220","2012-2013",94.5,1583,278,30
"4270","2012-2013",94.3,329,55,13
"7290","2012-2013",93.8,453,82,19
"7440","2012-2013",94.2,557,110,17
"8230","2012-2013",96.9,363,93,31
"6270","2012-2013",97.4,480,67,19
"4460","2012-2013",95.4,281,52,7
"5260","2012-2013",93,804,226,30
"7490","2012-2013",97,386,91,18
"2210","2012-2013",96.1,387,78,14
"7530","2012-2013",96.4,448,101,7
"2020","2012-2013",96.5,716,1,5
"1370","2012-2013",94,540,135,22
"6320","2012-2013",96.3,287,58,12
"4390","2012-2013",94.9,325,68,7
"1580","2012-2013",96.4,322,5,23
"5150","2012-2013",95.8,515,1,8
"2410","2012-2013",97.8,520,1,6
"6380","2012-2013",96.8,608,87,18
"2140","2012-2013",98.4,1175,4,1
"5230","2012-2013",96.1,680,7,13
"5390","2012-2013",92.1,403,75,19
"5240","2012-2013",87.8,251,8,14
"1020","2012-2013",84.3,832,53,29
"8180","2012-2013",96.6,492,89,7
"1470","2012-2013",89.6,516,85,36
"1130","2012-2013",97.5,375,23,11
"8370","2012-2013",96.1,510,113,13
"6250","2012-2013",93.8,429,79,32
"1250","2012-2013",96,587,150,24
"4380","2012-2013",95.5,383,118,16
"5170","2012-2013",94.6,648,100,32
"5300","2012-2013",94.6,419,78,14
"5290","2012-2013",93.6,328,67,18
"7390","2012-2013",95.9,649,116,29
"5510","2012-2013",79.8,373,36,38
"7370","2012-2013",96.2,655,14,10
"1420","2012-2013",94.4,389,56,12
"4400","2012-2013",94.7,328,68,13
"6280","2012-2013",94.5,487,89,11
"7010","2012-2013",84.5,1377,147,37
"2390","2012-2013",95,325,75,19
"1150","2012-2013",93.9,416,14,28
"8240","2012-2013",94.6,885,142,42
"1440","2012-2013",95.1,651,117,30
"4560","2012-2013",91.7,307,81,27
"8250","2012-2013",96.1,1083,205,41
"1360","2012-2013",90.8,377,76,38
"2630","2012-2013",95.8,561,79,21
"1060","2012-2013",90.7,295,2,3
"7300","2012-2013",95.3,921,143,23
"2240","2012-2013",95.2,401,60,6
"1410","2012-2013",92.8,588,93,15
"6400","2012-2013",84,176,9,4
"2650","2012-2013",96.7,488,2,0
"1350","2012-2013",91.4,480,109,49
"1430","2012-2013",95.4,225,50,9
"4240","2012-2013",91.9,638,140,57
"6030","2012-2013",91.3,483,15,12
"7430","2012-2013",94.4,657,178,22
"8040","2012-2013",96.4,558,1,4
"4310","2012-2013",93.9,385,76,20
"8390","2012-2013",94.8,864,150,31
"1260","2012-2013",93.9,443,95,23
"8120","2012-2013",95.5,1165,15,22
"5410","2012-2013",94.5,276,75,10
"4480","2012-2013",97.4,238,12,2
"6440","2012-2013",95.8,426,68,19
"5560","2012-2013",95,274,48,9
"6460","2012-2013",95.3,240,2,0
"5330","2012-2013",94.5,488,90,12
"8140","2012-2013",94.5,581,10,12
"6230","2012-2013",94.6,287,5,19
"2670","2012-2013",94.8,382,4,13
"2640","2012-2013",96.9,545,114,14
"4530","2012-2013",95,360,64,19
"2620","2012-2013",97.1,718,3,3
"8200","2012-2013",95.2,873,139,34
"1460","2012-2013",94.5,597,117,32
"6200","2012-2013",96.9,471,78,33
"1110","2012-2013",94.2,191,10,8
"8030","2012-2013",91,1875,40,46
"8430","2012-2013",97.6,714,111,5
"8440","2012-2013",95.4,807,167,20
"4430","2012-2013",94.7,365,104,48
"2420","2012-2013",94,367,80,12
"4450","2012-2013",92.1,293,56,1
"7500","2012-2013",94.4,610,19,18
"7350","2012-2013",95.8,961,240,15
"5530","2012-2013",94.1,737,225,30
"6110","2012-2013",93.3,317,12,19
"2000","2012-2013",85.7,627,37,35
"1390","2012-2013",96,259,62,11
"8260","2012-2013",96.3,458,102,12
"1100","2012-2013",83.5,513,29,25
"6310","2012-2013",96.6,385,64,13
"1330","2012-2013",87.5,690,117,19
"7310","2012-2013",96.1,625,18,16
"7150","2012-2013",96.6,1076,159,12
"1340","2012-2013",96.1,400,80,7
"5400","2012-2013",94.6,690,163,13
"7470","2012-2013",94.8,399,92,9
"7120","2012-2013",88.2,1370,63,41
"5510","2009-2010",77.8,562,126,166
"5050","2009-2010",94.1,262,1,15
"2620","2009-2010",95.1,495,12,7
"7300","2009-2010",93,953,121,137
"4570","2009-2010",92.3,364,52,46
"7430","2009-2010",91.2,668,129,100
"2590","2009-2010",93.6,243,23,16
"4380","2009-2010",93.5,415,72,50
"1370","2009-2010",92.3,530,74,74
"4560","2009-2010",93.1,289,57,40
"8370","2009-2010",94.4,409,34,29
"1020","2011-2012",82.6,795,65,48
"4220","2011-2012",93.5,272,19,7
"2010","2011-2012",86,605,38,46
"7320","2011-2012",95.5,293,14,13
"7260","2011-2012",95.4,348,19,7
"7350","2011-2012",96.4,981,42,27
"4020","2011-2012",81.9,1181,78,82
"7130","2011-2012",94.1,540,18,19
"1100","2011-2012",85.8,596,42,47
"4530","2011-2012",94.7,344,10,3
"2690","2011-2012",95.3,489,21,9
"6460","2011-2012",96.6,224,3,2
"5280","2011-2012",94.7,533,19,21
"1280","2011-2012",98.2,553,1,6
"8230","2011-2012",96.3,386,7,20
"8430","2011-2012",97.4,683,22,7
"2640","2011-2012",96.6,498,10,6
"5420","2011-2012",95.3,610,20,12
"1430","2011-2012",95.2,261,18,7
"5110","2011-2012",91.6,277,11,10
"6100","2011-2012",93.9,260,10,26
"5080","2011-2012",95,378,2,3
"4310","2011-2012",93.9,345,14,14
"6050","2011-2012",94.8,991,9,8
"5050","2011-2012",94.9,236,0,3
"1490","2011-2012",94,416,27,23
"2520","2011-2012",96.5,359,0,2
"1190","2011-2012",97.6,217,2,6
"7390","2011-2012",94.4,679,41,20
"6210","2011-2012",97.3,548,26,19
"6020","2011-2012",80.6,819,69,70
"7010","2011-2012",77.4,1622,93,157
"1110","2011-2012",93.7,233,14,7
"7730","2011-2012",92.6,662,27,30
"2260","2011-2012",95.2,601,22,14
"5480","2011-2012",97.1,421,11,7
"5560","2011-2012",94.8,287,20,14
"2490","2011-2012",95.2,263,12,10
"8370","2011-2012",96.2,465,5,5
"8160","2011-2012",96,1265,16,65
"1440","2011-2012",95.3,604,25,16
"6240","2011-2012",94.7,351,29,17
"1350","2011-2012",93.7,503,21,27
"8310","2011-2012",96.6,1146,34,24
"8410","2011-2012",96.2,739,25,22
"8270","2011-2012",93.8,429,21,11
"6430","2011-2012",92,421,20,36
"5450","2011-2012",85.9,392,25,21
"2240","2011-2012",95.1,383,7,4
"6260","2011-2012",95.5,506,16,18
"8030","2011-2012",90,1933,49,59
